symbol,record_date,ex_date,payment_date,cash_per_share,source
515450.SH,2021-11-12,2021-11-15,2021-11-18,0.06,"AKShare:fund_fh_em(Eastmoney), verified by fund_etf_dividend_sina(Sina)"
515450.SH,2022-12-09,2022-12-12,2022-12-15,0.05,"AKShare:fund_fh_em(Eastmoney), verified by fund_etf_dividend_sina(Sina)"
515450.SH,2023-12-15,2023-12-18,2023-12-21,0.14,"AKShare:fund_fh_em(Eastmoney), verified by fund_etf_dividend_sina(Sina)"
515450.SH,2024-07-19,2024-07-22,2024-07-25,0.05,"AKShare:fund_fh_em(Eastmoney), verified by fund_etf_dividend_sina(Sina)"
515450.SH,2024-12-16,2024-12-17,2024-12-20,0.055,"AKShare:fund_fh_em(Eastmoney), verified by fund_etf_dividend_sina(Sina)"
515450.SH,2025-07-14,2025-07-15,2025-07-18,0.045,"AKShare:fund_fh_em(Eastmoney), verified by fund_etf_dividend_sina(Sina)"
515450.SH,2025-12-12,2025-12-15,2025-12-18,0.03,"AKShare:fund_fh_em(Eastmoney), verified by fund_etf_dividend_sina(Sina)"
515450.SH,2026-07-14,2026-07-15,2026-07-20,0.01,"AKShare:fund_fh_em(Eastmoney), verified by fund_etf_dividend_sina(Sina)"
515450.SH,2026-09-08,2026-09-09,2026-09-14,0.015,"AKShare:fund_fh_em(Eastmoney), verified by fund_etf_dividend_sina(Sina)"
