日期,开盘,收盘,最高,最低,成交量,成交额,振幅,涨跌幅,涨跌额,换手率
2021-06-01,0.997,1.019,1.019,0.995,4344415,438290192.0,2.39,1.6,0.016,0.56
2021-06-02,1.021,1.014,1.027,1.013,1497941,152580695.0,1.37,-0.49,-0.005,0.19
2021-06-03,1.018,1.011,1.025,1.01,1039006,105813063.0,1.48,-0.3,-0.003,0.13
2021-06-04,1.011,1.006,1.014,1.004,703026,70907612.0,0.99,-0.49,-0.005,0.09
2021-06-07,1.008,1.002,1.01,0.998,641373,64247852.0,1.19,-0.4,-0.004,0.08
2021-06-08,1.002,0.992,1.005,0.99,827086,82314592.0,1.5,-1.0,-0.01,0.11
2021-06-09,0.992,0.991,0.996,0.988,414685,41130375.0,0.81,-0.1,-0.001,0.05
2021-06-10,0.989,0.991,1.0,0.989,982557,97792391.0,1.11,0.0,0.0,0.13
2021-06-11,0.995,0.991,1.0,0.99,516128,51306122.0,1.01,0.0,0.0,0.07
2021-06-15,0.995,0.986,0.997,0.98,587525,58013552.0,1.72,-0.5,-0.005,0.08
2021-06-16,0.985,0.976,0.985,0.975,473120,46337945.0,1.01,-1.01,-0.01,0.06
2021-06-17,0.974,0.983,0.983,0.969,573869,56095344.0,1.43,0.72,0.007,0.07
2021-06-18,0.986,1.0,1.006,0.986,857950,85861026.0,2.03,1.73,0.017,0.11
2021-06-21,0.997,0.992,0.999,0.989,545124,54135486.0,1.0,-0.8,-0.008,0.07
2021-06-22,0.994,0.982,0.994,0.981,439229,43270555.0,1.31,-1.01,-0.01,0.06
2021-06-23,0.986,1.004,1.006,0.983,952941,95025093.0,2.34,2.24,0.022,0.12
2021-06-24,1.004,1.006,1.011,1.002,845045,85125798.0,0.9,0.2,0.002,0.11
2021-06-25,1.011,1.026,1.027,1.01,1345504,137422779.0,1.69,1.99,0.02,0.17
2021-06-28,1.026,1.03,1.034,1.025,587774,60465951.0,0.88,0.39,0.004,0.08
2021-06-29,1.031,1.017,1.037,1.017,515878,52985373.0,1.94,-1.26,-0.013,0.07
2021-06-30,1.022,1.021,1.029,1.018,418318,42793707.0,1.08,0.39,0.004,0.05
2021-07-01,1.02,1.01,1.023,1.009,305476,30946565.0,1.37,-1.08,-0.011,0.04
2021-07-02,1.012,0.99,1.013,0.988,680451,67598932.0,2.48,-1.98,-0.02,0.09
2021-07-05,0.99,0.969,0.991,0.964,1019550,99123517.0,2.73,-2.12,-0.021,0.13
2021-07-06,0.97,0.96,0.972,0.952,768878,73692124.0,2.06,-0.93,-0.009,0.1
2021-07-07,0.952,0.952,0.957,0.946,796996,75890132.0,1.15,-0.83,-0.008,0.1
2021-07-08,0.955,0.924,0.956,0.92,1160243,108289618.0,3.78,-2.94,-0.028,0.15
2021-07-09,0.923,0.937,0.938,0.904,1041104,96229503.0,3.68,1.41,0.013,0.13
2021-07-12,0.944,0.943,0.951,0.933,757138,71197415.0,1.92,0.64,0.006,0.1
2021-07-13,0.946,0.959,0.966,0.943,792914,75894579.0,2.44,1.7,0.016,0.1
2021-07-14,0.956,0.959,0.965,0.956,442769,42582603.0,0.94,0.0,0.0,0.06
2021-07-15,0.963,0.962,0.963,0.956,378208,36315719.0,0.73,0.31,0.003,0.05
2021-07-16,0.962,0.957,0.962,0.953,359422,34395782.0,0.94,-0.52,-0.005,0.05
2021-07-19,0.955,0.937,0.955,0.933,507901,47632544.0,2.3,-2.09,-0.02,0.07
2021-07-20,0.93,0.925,0.939,0.92,925962,85866990.0,2.03,-1.28,-0.012,0.12
2021-07-21,0.928,0.92,0.932,0.918,783252,72284436.0,1.51,-0.54,-0.005,0.1
2021-07-22,0.925,0.933,0.936,0.925,480746,44826556.0,1.2,1.41,0.013,0.06
2021-07-23,0.934,0.918,0.937,0.917,551510,50895147.0,2.14,-1.61,-0.015,0.07
2021-07-26,0.9,0.867,0.902,0.855,1514906,132278020.0,5.12,-5.56,-0.051,0.2
2021-07-27,0.858,0.796,0.858,0.792,2238989,184798827.0,7.61,-8.19,-0.071,0.29
2021-07-28,0.808,0.805,0.818,0.785,2113395,169142361.0,4.15,1.13,0.009,0.27
2021-07-29,0.837,0.859,0.866,0.836,2159416,184317733.0,3.73,6.71,0.054,0.28
2021-07-30,0.851,0.839,0.851,0.83,1299122,109047139.0,2.44,-2.33,-0.02,0.17
2021-08-02,0.842,0.851,0.856,0.836,1279618,108540208.0,2.38,1.43,0.012,0.16
2021-08-03,0.852,0.841,0.852,0.825,1267360,106047667.0,3.17,-1.18,-0.01,0.16
2021-08-04,0.838,0.859,0.867,0.831,1386594,118294088.0,4.28,2.14,0.018,0.18
2021-08-05,0.857,0.84,0.866,0.839,1231879,105033474.0,3.14,-2.21,-0.019,0.16
2021-08-06,0.844,0.843,0.847,0.835,896145,75476304.0,1.43,0.36,0.003,0.12
2021-08-09,0.832,0.842,0.847,0.827,1129662,94780757.0,2.37,-0.12,-0.001,0.15
2021-08-10,0.848,0.856,0.858,0.842,1175194,99804740.0,1.9,1.66,0.014,0.15
2021-08-11,0.857,0.858,0.864,0.851,1007977,86396322.0,1.52,0.23,0.002,0.13
2021-08-12,0.855,0.845,0.857,0.843,861597,73285951.0,1.63,-1.52,-0.013,0.11
2021-08-13,0.844,0.826,0.844,0.823,1143912,94937065.0,2.49,-2.25,-0.019,0.15
2021-08-16,0.825,0.807,0.825,0.806,1389830,112849588.0,2.3,-2.3,-0.019,0.18
2021-08-17,0.805,0.784,0.805,0.78,2002226,158635623.0,3.1,-2.85,-0.023,0.26
2021-08-18,0.784,0.785,0.791,0.781,1146369,90201387.0,1.28,0.13,0.001,0.15
2021-08-19,0.788,0.768,0.788,0.765,2013966,155761454.0,2.93,-2.17,-0.017,0.26
2021-08-20,0.765,0.744,0.765,0.731,3074261,229972981.0,4.43,-3.13,-0.024,0.4
2021-08-23,0.757,0.76,0.774,0.755,1814757,138814693.0,2.55,2.15,0.016,0.23
2021-08-24,0.772,0.799,0.8,0.772,2536632,199974804.0,3.68,5.13,0.039,0.33
2021-08-25,0.822,0.805,0.833,0.803,2817324,230203316.0,3.75,0.75,0.006,0.36
2021-08-26,0.806,0.79,0.811,0.782,1812798,144288544.0,3.6,-1.86,-0.015,0.23
2021-08-27,0.792,0.79,0.81,0.79,1335492,107029651.0,2.53,0.0,0.0,0.17
2021-08-30,0.796,0.799,0.804,0.788,1685876,134517844.0,2.03,1.14,0.009,0.22
2021-08-31,0.802,0.818,0.819,0.791,1708027,137356734.0,3.5,2.38,0.019,0.22
2021-09-01,0.828,0.836,0.852,0.822,2841672,238692829.0,3.67,2.2,0.018,0.37
2021-09-02,0.854,0.848,0.864,0.845,1561561,133415785.0,2.27,1.44,0.012,0.2
2021-09-03,0.85,0.837,0.85,0.834,1213023,101927004.0,1.89,-1.3,-0.011,0.16
2021-09-06,0.838,0.845,0.848,0.832,1463710,123558592.0,1.91,0.96,0.008,0.19
2021-09-07,0.856,0.863,0.868,0.851,1208275,104152480.0,2.01,2.13,0.018,0.16
2021-09-08,0.866,0.859,0.872,0.851,1400451,120766011.0,2.43,-0.46,-0.004,0.18
2021-09-09,0.846,0.825,0.846,0.824,2858692,237738647.0,2.56,-3.96,-0.034,0.37
2021-09-10,0.83,0.835,0.843,0.828,1332069,111526652.0,1.82,1.21,0.01,0.17
2021-09-13,0.83,0.819,0.83,0.814,1109598,91079707.0,1.92,-1.92,-0.016,0.14
2021-09-14,0.824,0.809,0.828,0.807,1318157,107955807.0,2.56,-1.22,-0.01,0.17
2021-09-15,0.805,0.789,0.805,0.788,1444416,115121962.0,2.1,-2.47,-0.02,0.19
2021-09-16,0.788,0.773,0.793,0.771,2675234,208941065.0,2.79,-2.03,-0.016,0.34
2021-09-17,0.778,0.807,0.808,0.778,1704043,135675191.0,3.88,4.4,0.034,0.22
2021-09-22,0.786,0.796,0.797,0.785,578442,45857628.0,1.49,-1.36,-0.011,0.07
2021-09-23,0.805,0.789,0.808,0.786,1645792,130904640.0,2.76,-0.88,-0.007,0.21
2021-09-24,0.791,0.776,0.792,0.774,1429886,112066145.0,2.28,-1.65,-0.013,0.18
2021-09-27,0.777,0.767,0.782,0.765,1503959,116115894.0,2.19,-1.16,-0.009,0.19
2021-09-28,0.772,0.78,0.783,0.769,1428882,110986624.0,1.83,1.69,0.013,0.18
2021-09-29,0.768,0.771,0.772,0.757,1685209,128803797.0,1.92,-1.15,-0.009,0.22
2021-09-30,0.764,0.767,0.769,0.759,1577526,120381387.0,1.3,-0.52,-0.004,0.2
2021-10-08,0.791,0.774,0.796,0.769,2066648,160483714.0,3.52,0.91,0.007,0.27
2021-10-11,0.782,0.795,0.802,0.782,1825716,144962214.0,2.58,2.71,0.021,0.24
2021-10-12,0.786,0.777,0.789,0.775,1654841,129359081.0,1.76,-2.26,-0.018,0.21
2021-10-13,0.777,0.782,0.782,0.773,656915,51022875.0,1.16,0.64,0.005,0.08
2021-10-14,0.786,0.788,0.789,0.784,548733,43216346.0,0.64,0.77,0.006,0.07
2021-10-15,0.785,0.783,0.786,0.777,1157479,90491151.0,1.14,-0.63,-0.005,0.15
2021-10-18,0.786,0.777,0.788,0.775,1012397,78770584.0,1.66,-0.77,-0.006,0.13
2021-10-19,0.785,0.806,0.806,0.783,1725539,137723204.0,2.96,3.73,0.029,0.22
2021-10-20,0.821,0.826,0.833,0.816,2225038,183653623.0,2.11,2.48,0.02,0.29
2021-10-21,0.828,0.817,0.831,0.811,1222124,100352426.0,2.42,-1.09,-0.009,0.16
2021-10-22,0.823,0.836,0.84,0.823,2332953,194640658.0,2.08,2.33,0.019,0.3
2021-10-25,0.833,0.837,0.842,0.829,1380390,115513886.0,1.56,0.12,0.001,0.18
2021-10-26,0.84,0.82,0.84,0.818,986644,81680209.0,2.63,-2.03,-0.017,0.13
2021-10-27,0.81,0.795,0.812,0.793,1545311,123248013.0,2.32,-3.05,-0.025,0.2
2021-10-28,0.8,0.798,0.81,0.795,909396,72989065.0,1.89,0.38,0.003,0.12
2021-10-29,0.8,0.791,0.8,0.789,1008572,80000666.0,1.38,-0.88,-0.007,0.13
2021-11-01,0.786,0.78,0.787,0.777,1611341,125842626.0,1.26,-1.39,-0.011,0.21
2021-11-02,0.797,0.784,0.808,0.783,1822942,145353378.0,3.21,0.51,0.004,0.23
2021-11-03,0.783,0.777,0.787,0.77,2178787,169004203.0,2.17,-0.89,-0.007,0.28
2021-11-04,0.781,0.784,0.79,0.781,1082920,85072643.0,1.16,0.9,0.007,0.14
2021-11-05,0.781,0.78,0.787,0.777,917924,71827579.0,1.28,-0.51,-0.004,0.12
2021-11-08,0.777,0.766,0.777,0.766,1578415,121384471.0,1.41,-1.79,-0.014,0.2
2021-11-09,0.773,0.769,0.775,0.761,975403,74876299.0,1.83,0.39,0.003,0.13
2021-11-10,0.768,0.774,0.775,0.762,1344818,103339438.0,1.69,0.65,0.005,0.17
2021-11-11,0.775,0.802,0.803,0.774,2061253,162339492.0,3.75,3.62,0.028,0.27
2021-11-12,0.811,0.806,0.813,0.801,1635935,132102703.0,1.5,0.5,0.004,0.21
2021-11-15,0.813,0.809,0.815,0.807,1003897,81380417.0,0.99,0.37,0.003,0.13
2021-11-16,0.814,0.821,0.825,0.81,1625155,132947942.0,1.85,1.48,0.012,0.21
2021-11-17,0.822,0.819,0.822,0.812,938027,76698047.0,1.22,-0.24,-0.002,0.12
2021-11-18,0.803,0.797,0.805,0.794,1743696,139232975.0,1.34,-2.69,-0.022,0.22
2021-11-19,0.783,0.792,0.794,0.78,1420597,111766649.0,1.76,-0.63,-0.005,0.18
2021-11-22,0.794,0.788,0.797,0.786,1367318,108106689.0,1.39,-0.51,-0.004,0.18
2021-11-23,0.78,0.781,0.782,0.776,1370484,106779371.0,0.76,-0.89,-0.007,0.18
2021-11-24,0.78,0.781,0.785,0.774,1634594,127419302.0,1.41,0.0,0.0,0.21
2021-11-25,0.783,0.784,0.785,0.772,1381925,107773500.0,1.66,0.38,0.003,0.18
2021-11-26,0.777,0.766,0.778,0.763,2290635,176172991.0,1.91,-2.3,-0.018,0.29
2021-11-29,0.757,0.754,0.768,0.751,1988065,150536975.0,2.22,-1.57,-0.012,0.26
2021-11-30,0.754,0.736,0.756,0.732,3282537,243844497.0,3.18,-2.39,-0.018,0.42
2021-12-01,0.74,0.748,0.751,0.739,1254774,93633976.0,1.63,1.63,0.012,0.16
2021-12-02,0.739,0.74,0.744,0.735,1405192,103821037.0,1.2,-1.07,-0.008,0.18
2021-12-03,0.734,0.731,0.737,0.724,2980536,217343579.0,1.76,-1.22,-0.009,0.38
2021-12-06,0.714,0.703,0.719,0.703,3886879,276290800.0,2.19,-3.83,-0.028,0.5
2021-12-07,0.717,0.728,0.729,0.711,2589404,186122282.0,2.56,3.56,0.025,0.33
2021-12-08,0.735,0.736,0.74,0.731,3461685,254770145.0,1.24,1.1,0.008,0.45
2021-12-09,0.739,0.745,0.748,0.739,1996165,148602472.0,1.22,1.22,0.009,0.26
2021-12-10,0.743,0.74,0.751,0.739,1256129,93603537.0,1.61,-0.67,-0.005,0.16
2021-12-13,0.747,0.744,0.757,0.743,4902214,368341712.0,1.89,0.54,0.004,0.63
2021-12-14,0.736,0.723,0.738,0.723,2176274,158599889.0,2.02,-2.82,-0.021,0.28
2021-12-15,0.724,0.711,0.727,0.71,2170267,155953557.0,2.35,-1.66,-0.012,0.28
2021-12-16,0.712,0.709,0.713,0.701,3195553,225739278.0,1.69,-0.28,-0.002,0.41
2021-12-17,0.708,0.7,0.709,0.698,2813146,197570536.0,1.55,-1.27,-0.009,0.36
2021-12-20,0.698,0.681,0.702,0.68,4391738,302775744.0,3.14,-2.71,-0.019,0.57
2021-12-21,0.678,0.689,0.69,0.674,2960679,201601017.0,2.35,1.17,0.008,0.38
2021-12-22,0.699,0.694,0.704,0.692,1939961,135529272.0,1.74,0.73,0.005,0.25
2021-12-23,0.697,0.695,0.701,0.688,2362112,164230267.0,1.87,0.14,0.001,0.3
2021-12-24,0.699,0.692,0.7,0.69,1417320,98354654.0,1.44,-0.43,-0.003,0.18
2021-12-27,0.692,0.692,0.695,0.691,825209,57199729.0,0.58,0.0,0.0,0.11
2021-12-28,0.694,0.686,0.695,0.681,1375188,94389805.0,2.02,-0.87,-0.006,0.18
2021-12-29,0.683,0.673,0.683,0.672,2280840,154066790.0,1.6,-1.9,-0.013,0.29
2021-12-30,0.672,0.675,0.681,0.667,1942252,130833717.0,2.08,0.3,0.002,0.25
2021-12-31,0.697,0.698,0.7,0.694,2747251,191545033.0,0.89,3.41,0.023,0.35
2022-01-04,0.697,0.687,0.698,0.684,3528847,243379812.0,2.01,-1.58,-0.011,0.45
2022-01-05,0.68,0.661,0.68,0.66,5062168,337148304.0,2.91,-3.78,-0.026,0.65
2022-01-06,0.653,0.653,0.662,0.646,3836559,250338253.0,2.42,-1.21,-0.008,0.49
2022-01-07,0.669,0.673,0.674,0.664,3364413,225034686.0,1.53,3.06,0.02,0.43
2022-01-10,0.673,0.687,0.691,0.67,3770881,258172448.0,3.12,2.08,0.014,0.49
2022-01-11,0.685,0.684,0.694,0.683,2266181,156042524.0,1.6,-0.44,-0.003,0.29
2022-01-12,0.704,0.715,0.716,0.702,5269316,374163504.0,2.05,4.53,0.031,0.68
2022-01-13,0.721,0.707,0.724,0.704,2151752,153253335.0,2.8,-1.12,-0.008,0.28
2022-01-14,0.691,0.702,0.703,0.689,2455800,171215472.0,1.98,-0.71,-0.005,0.32
2022-01-17,0.702,0.7,0.708,0.696,1622186,113691629.0,1.71,-0.28,-0.002,0.21
2022-01-18,0.703,0.701,0.714,0.699,2786249,196936689.0,2.14,0.14,0.001,0.36
2022-01-19,0.698,0.691,0.705,0.687,3440173,238703330.0,2.57,-1.43,-0.01,0.44
2022-01-20,0.693,0.718,0.719,0.692,3494062,247687422.0,3.91,3.91,0.027,0.45
2022-01-21,0.713,0.715,0.722,0.708,2775287,198528902.0,1.95,-0.42,-0.003,0.36
2022-01-24,0.702,0.7,0.705,0.696,2832423,198348081.0,1.26,-2.1,-0.015,0.36
2022-01-25,0.688,0.678,0.69,0.677,4687269,319858880.0,1.86,-3.14,-0.022,0.6
2022-01-26,0.678,0.682,0.689,0.672,3018396,205854248.0,2.51,0.59,0.004,0.39
2022-01-27,0.667,0.656,0.672,0.654,4339898,287095280.0,2.64,-3.81,-0.026,0.56
2022-01-28,0.66,0.653,0.662,0.643,4105094,267066047.0,2.9,-0.46,-0.003,0.53
2022-02-07,0.68,0.673,0.682,0.667,2972020,200220597.0,2.3,3.06,0.02,0.38
2022-02-08,0.669,0.668,0.672,0.661,2202540,146772365.0,1.63,-0.74,-0.005,0.28
2022-02-09,0.68,0.689,0.691,0.679,2860757,196119610.0,1.8,3.14,0.021,0.37
2022-02-10,0.698,0.69,0.7,0.683,2239535,154866439.0,2.47,0.15,0.001,0.29
2022-02-11,0.683,0.682,0.692,0.679,2303136,157766495.0,1.88,-1.16,-0.008,0.3
2022-02-14,0.674,0.675,0.678,0.669,1824292,122872005.0,1.32,-1.03,-0.007,0.23
2022-02-15,0.671,0.672,0.68,0.67,2539744,171108718.0,1.48,-0.44,-0.003,0.33
2022-02-16,0.684,0.681,0.687,0.68,2750581,187856993.0,1.04,1.34,0.009,0.35
2022-02-17,0.682,0.685,0.691,0.68,2660369,182413355.0,1.62,0.59,0.004,0.34
2022-02-18,0.681,0.677,0.69,0.676,2660616,182447627.0,2.04,-1.17,-0.008,0.34
2022-02-21,0.66,0.656,0.665,0.653,4570819,301158336.0,1.77,-3.1,-0.021,0.59
2022-02-22,0.638,0.636,0.646,0.632,5678874,361933936.0,2.13,-3.05,-0.02,0.73
2022-02-23,0.638,0.647,0.648,0.635,3826692,245743090.0,2.04,1.73,0.011,0.49
2022-02-24,0.634,0.624,0.636,0.614,7713882,483134544.0,3.4,-3.55,-0.023,0.99
2022-02-25,0.631,0.623,0.635,0.622,5181490,325190656.0,2.08,-0.16,-0.001,0.67
2022-02-28,0.624,0.617,0.626,0.612,4388435,270848576.0,2.25,-0.96,-0.006,0.56
2022-03-01,0.622,0.629,0.629,0.62,3941116,245872941.0,1.46,1.94,0.012,0.51
2022-03-02,0.624,0.613,0.627,0.613,5749967,356163536.0,2.23,-2.54,-0.016,0.74
2022-03-03,0.615,0.603,0.616,0.601,5178632,313772800.0,2.45,-1.63,-0.01,0.67
2022-03-04,0.581,0.577,0.585,0.576,6774413,393390288.0,1.49,-4.31,-0.026,0.87
2022-03-07,0.556,0.556,0.562,0.546,6645648,368286192.0,2.77,-3.64,-0.021,0.86
2022-03-08,0.553,0.535,0.558,0.532,9109019,496305648.0,4.68,-3.78,-0.021,1.17
2022-03-09,0.54,0.53,0.544,0.515,10355374,547031344.0,5.42,-0.93,-0.005,1.33
2022-03-10,0.549,0.537,0.554,0.534,10753654,586339760.0,3.77,1.32,0.007,1.38
2022-03-11,0.506,0.517,0.518,0.495,20910279,1059394656.0,4.28,-3.72,-0.02,2.69
2022-03-14,0.497,0.474,0.499,0.473,22267583,1079338000.0,5.03,-8.32,-0.043,2.87
2022-03-15,0.445,0.431,0.473,0.427,43436280,1949182064.0,9.7,-9.07,-0.043,5.59
2022-03-16,0.45,0.474,0.474,0.442,23069397,1046115568.0,7.42,9.98,0.043,2.97
2022-03-17,0.521,0.521,0.521,0.521,1538072,80133551.0,0.0,9.92,0.047,0.2
2022-03-18,0.521,0.548,0.554,0.516,33844228,1806181408.0,7.29,5.18,0.027,4.36
2022-03-21,0.563,0.541,0.566,0.536,15620035,855047824.0,5.47,-1.28,-0.007,2.01
2022-03-22,0.541,0.554,0.559,0.539,10064667,552441920.0,3.7,2.4,0.013,1.3
2022-03-23,0.575,0.582,0.595,0.572,14631810,853804928.0,4.15,5.05,0.028,1.88
2022-03-24,0.572,0.567,0.581,0.566,7989116,458768240.0,2.58,-2.58,-0.015,1.03
2022-03-25,0.557,0.532,0.565,0.53,11090504,606339744.0,6.17,-6.17,-0.035,1.43
2022-03-28,0.534,0.545,0.555,0.525,11633349,631566832.0,5.64,2.44,0.013,1.5
2022-03-29,0.553,0.557,0.562,0.551,6156883,342576400.0,2.02,2.2,0.012,0.79
2022-03-30,0.569,0.566,0.573,0.558,6872324,388840720.0,2.69,1.62,0.009,0.88
2022-03-31,0.564,0.552,0.565,0.549,4856521,269586048.0,2.83,-2.47,-0.014,0.63
2022-04-01,0.538,0.546,0.549,0.531,5863686,316704816.0,3.26,-1.09,-0.006,0.75
2022-04-06,0.563,0.563,0.565,0.557,5575191,313337856.0,1.47,3.11,0.017,0.72
2022-04-07,0.55,0.546,0.565,0.545,6624337,367032128.0,3.55,-3.02,-0.017,0.85
2022-04-08,0.541,0.537,0.542,0.529,6458844,345623472.0,2.38,-1.65,-0.009,0.83
2022-04-11,0.532,0.509,0.532,0.508,7095050,366862160.0,4.47,-5.21,-0.028,0.91
2022-04-12,0.519,0.522,0.526,0.502,9729115,500222112.0,4.72,2.55,0.013,1.25
2022-04-13,0.514,0.518,0.525,0.51,5999899,311036496.0,2.87,-0.77,-0.004,0.77
2022-04-14,0.526,0.526,0.529,0.52,5391646,283281664.0,1.74,1.54,0.008,0.69
2022-04-15,0.52,0.516,0.52,0.513,1742437,89886408.0,1.33,-1.9,-0.01,0.22
2022-04-18,0.512,0.51,0.513,0.508,1306688,66617269.0,0.97,-1.16,-0.006,0.17
2022-04-19,0.513,0.507,0.519,0.505,4268863,217419699.0,2.75,-0.59,-0.003,0.55
2022-04-20,0.509,0.507,0.516,0.505,4065416,207057731.0,2.17,0.0,0.0,0.52
2022-04-21,0.496,0.491,0.501,0.486,6653701,328471392.0,2.96,-3.16,-0.016,0.86
2022-04-22,0.477,0.493,0.499,0.475,8615268,421265072.0,4.89,0.41,0.002,1.11
2022-04-25,0.484,0.474,0.491,0.473,6996109,338566720.0,3.65,-3.85,-0.019,0.9
2022-04-26,0.486,0.492,0.504,0.484,8228732,406569840.0,4.22,3.8,0.018,1.06
2022-04-27,0.487,0.501,0.503,0.485,10248256,508263424.0,3.66,1.83,0.009,1.32
2022-04-28,0.509,0.511,0.511,0.499,11019232,556607184.0,2.4,2.0,0.01,1.42
2022-04-29,0.515,0.56,0.562,0.513,20263374,1106243680.0,9.59,9.59,0.049,2.61
2022-05-05,0.555,0.543,0.555,0.542,7338215,402351456.0,2.32,-3.04,-0.017,0.94
2022-05-06,0.519,0.515,0.526,0.513,9408669,488115440.0,2.39,-5.16,-0.028,1.21
2022-05-09,0.503,0.502,0.504,0.498,3406320,170724470.0,1.17,-2.52,-0.013,0.44
2022-05-10,0.486,0.502,0.506,0.484,9931989,494266384.0,4.38,0.0,0.0,1.28
2022-05-11,0.5,0.516,0.532,0.499,13030716,676467280.0,6.57,2.79,0.014,1.68
2022-05-12,0.506,0.502,0.515,0.499,10614496,538222512.0,3.1,-2.71,-0.014,1.37
2022-05-13,0.513,0.523,0.524,0.512,9428614,489646640.0,2.39,4.18,0.021,1.21
2022-05-16,0.539,0.523,0.541,0.519,8957948,472483600.0,4.21,0.0,0.0,1.15
2022-05-17,0.537,0.552,0.553,0.533,12953070,705345792.0,3.82,5.54,0.029,1.67
2022-05-18,0.55,0.546,0.553,0.538,11272620,614295040.0,2.72,-1.09,-0.006,1.45
2022-05-19,0.528,0.533,0.537,0.524,13191591,698868496.0,2.38,-2.38,-0.013,1.7
2022-05-20,0.546,0.549,0.551,0.542,11377800,621962576.0,1.69,3.0,0.016,1.46
2022-05-23,0.548,0.535,0.549,0.532,12733968,684249856.0,3.1,-2.55,-0.014,1.64
2022-05-24,0.531,0.512,0.536,0.511,12407190,650046560.0,4.67,-4.3,-0.023,1.6
2022-05-25,0.511,0.519,0.52,0.51,8526584,439053360.0,1.95,1.37,0.007,1.1
2022-05-26,0.521,0.518,0.523,0.509,11357064,587206320.0,2.7,-0.19,-0.001,1.46
2022-05-27,0.543,0.537,0.547,0.533,11468835,619414464.0,2.7,3.67,0.019,1.48
2022-05-30,0.545,0.554,0.555,0.543,10682083,587704864.0,2.23,3.17,0.017,1.38
2022-05-31,0.554,0.57,0.575,0.552,12284858,693630560.0,4.15,2.89,0.016,1.58
2022-06-01,0.566,0.567,0.574,0.56,9099014,514736032.0,2.46,-0.53,-0.003,1.17
2022-06-02,0.56,0.564,0.564,0.555,8815465,493688208.0,1.59,-0.53,-0.003,1.13
2022-06-06,0.57,0.579,0.58,0.563,11730029,673376768.0,3.01,2.66,0.015,1.51
2022-06-07,0.585,0.589,0.597,0.579,12192766,716813808.0,3.11,1.73,0.01,1.57
2022-06-08,0.6,0.612,0.612,0.599,10271313,623223744.0,2.21,3.9,0.023,1.32
2022-06-09,0.626,0.601,0.628,0.597,11152726,680489840.0,5.07,-1.8,-0.011,1.44
2022-06-10,0.59,0.616,0.621,0.587,10880212,662549744.0,5.66,2.5,0.015,1.4
2022-06-13,0.6,0.594,0.611,0.59,10426811,625987760.0,3.41,-3.57,-0.022,1.34
2022-06-14,0.585,0.598,0.598,0.578,11215088,658967312.0,3.37,0.67,0.004,1.44
2022-06-15,0.605,0.601,0.612,0.6,11293814,684629328.0,2.01,0.5,0.003,1.45
2022-06-16,0.608,0.585,0.613,0.584,12329809,736844336.0,4.83,-2.66,-0.016,1.59
2022-06-17,0.578,0.595,0.599,0.575,11069948,655056864.0,4.1,1.71,0.01,1.42
2022-06-20,0.594,0.597,0.597,0.583,9938681,587295984.0,2.35,0.34,0.002,1.28
2022-06-21,0.6,0.606,0.61,0.592,9270267,557685728.0,3.02,1.51,0.009,1.19
2022-06-22,0.609,0.591,0.61,0.59,9168974,549655632.0,3.3,-2.48,-0.015,1.18
2022-06-23,0.594,0.601,0.603,0.586,10632776,633314624.0,2.88,1.69,0.01,1.37
2022-06-24,0.607,0.624,0.625,0.605,9900549,609350512.0,3.33,3.83,0.023,1.27
2022-06-27,0.63,0.645,0.656,0.63,18459151,1191524176.0,4.17,3.37,0.021,2.38
2022-06-28,0.644,0.654,0.657,0.632,15408729,991303632.0,3.88,1.4,0.009,1.98
2022-06-29,0.647,0.63,0.652,0.626,17507581,1118070720.0,3.98,-3.67,-0.024,2.25
2022-06-30,0.63,0.623,0.638,0.617,14394891,907086576.0,3.33,-1.11,-0.007,1.85
2022-07-01,0.625,0.618,0.626,0.615,3198021,198128500.0,1.77,-0.8,-0.005,0.41
2022-07-04,0.62,0.627,0.629,0.614,11204170,698527712.0,2.43,1.46,0.009,1.44
2022-07-05,0.635,0.625,0.639,0.621,9912151,624033344.0,2.87,-0.32,-0.002,1.28
2022-07-06,0.627,0.61,0.63,0.604,11698608,721668960.0,4.16,-2.4,-0.015,1.51
2022-07-07,0.607,0.611,0.615,0.597,8925749,541933856.0,2.95,0.16,0.001,1.15
2022-07-08,0.622,0.615,0.624,0.611,10546378,650255808.0,2.13,0.65,0.004,1.36
2022-07-11,0.604,0.59,0.606,0.589,11352174,675382384.0,2.76,-4.07,-0.025,1.46
2022-07-12,0.586,0.583,0.592,0.579,9663669,565581266.0,2.2,-1.19,-0.007,1.24
2022-07-13,0.587,0.588,0.595,0.582,9188863,541305095.0,2.23,0.86,0.005,1.18
2022-07-14,0.588,0.59,0.597,0.584,7522996,444283721.0,2.21,0.34,0.002,0.97
2022-07-15,0.582,0.574,0.588,0.573,9358273,542392568.0,2.54,-2.71,-0.016,1.2
2022-07-18,0.576,0.59,0.59,0.567,10142321,587936778.0,4.01,2.79,0.016,1.31
2022-07-19,0.588,0.582,0.59,0.578,8220692,479095186.0,2.03,-1.36,-0.008,1.06
2022-07-20,0.592,0.593,0.597,0.59,7714764,458077552.0,1.2,1.89,0.011,0.99
2022-07-21,0.588,0.592,0.598,0.587,8901165,527455881.0,1.85,-0.17,-0.001,1.15
2022-07-22,0.599,0.594,0.603,0.59,6162797,367349878.0,2.2,0.34,0.002,0.79
2022-07-25,0.587,0.584,0.59,0.579,8698883,507262462.0,1.85,-1.68,-0.01,1.12
2022-07-26,0.588,0.593,0.595,0.584,5961744,351858224.0,1.88,1.54,0.009,0.77
2022-07-27,0.586,0.584,0.59,0.583,4834674,283260737.0,1.18,-1.52,-0.009,0.62
2022-07-28,0.59,0.586,0.593,0.585,7555073,444623010.0,1.37,0.34,0.002,0.97
2022-07-29,0.587,0.556,0.588,0.555,13696259,776882859.0,5.63,-5.12,-0.03,1.76
2022-08-01,0.551,0.56,0.563,0.548,7887823,438834367.0,2.7,0.72,0.004,1.02
2022-08-02,0.55,0.542,0.55,0.534,9719525,526192007.0,2.86,-3.21,-0.018,1.25
2022-08-03,0.55,0.547,0.557,0.546,8652140,477550824.0,2.03,0.92,0.005,1.11
2022-08-04,0.56,0.564,0.566,0.557,7024765,395149397.0,1.65,3.11,0.017,0.9
2022-08-05,0.569,0.57,0.571,0.564,5973214,339001717.0,1.24,1.06,0.006,0.77
2022-08-08,0.565,0.562,0.568,0.559,6065829,341042795.0,1.58,-1.4,-0.008,0.78
2022-08-09,0.561,0.556,0.563,0.552,7344844,408920135.0,1.96,-1.07,-0.006,0.95
2022-08-10,0.554,0.537,0.554,0.535,10152506,549832146.0,3.42,-3.42,-0.019,1.31
2022-08-11,0.546,0.556,0.558,0.546,10022454,552372659.0,2.23,3.54,0.019,1.29
2022-08-12,0.561,0.561,0.564,0.556,6578060,368401147.0,1.44,0.9,0.005,0.85
2022-08-15,0.558,0.561,0.568,0.558,5430959,305696296.0,1.78,0.0,0.0,0.7
2022-08-16,0.565,0.548,0.567,0.542,7868316,437604629.0,4.46,-2.32,-0.013,1.01
2022-08-17,0.553,0.552,0.556,0.544,6440157,354969757.0,2.19,0.73,0.004,0.83
2022-08-18,0.551,0.545,0.552,0.544,6006492,328587463.0,1.45,-1.27,-0.007,0.77
2022-08-19,0.542,0.546,0.553,0.541,6511797,356818397.0,2.2,0.18,0.001,0.84
2022-08-22,0.542,0.545,0.548,0.54,4914064,267524355.0,1.47,-0.18,-0.001,0.63
2022-08-23,0.545,0.541,0.549,0.539,4728913,257175340.0,1.83,-0.73,-0.004,0.61
2022-08-24,0.544,0.53,0.544,0.528,6670047,355751872.0,2.96,-2.03,-0.011,0.86
2022-08-25,0.537,0.553,0.554,0.536,8819847,478629841.0,3.4,4.34,0.023,1.14
2022-08-26,0.567,0.561,0.57,0.56,9171140,517529352.0,1.81,1.45,0.008,1.18
2022-08-29,0.558,0.562,0.566,0.555,5417299,304628161.0,1.96,0.18,0.001,0.7
2022-08-30,0.563,0.555,0.564,0.545,6596281,364041998.0,3.38,-1.25,-0.007,0.85
2022-08-31,0.548,0.564,0.574,0.546,7291337,408362540.0,5.05,1.62,0.009,0.94
2022-09-01,0.559,0.554,0.567,0.553,6667692,373590993.0,2.48,-1.77,-0.01,0.86
2022-09-02,0.558,0.548,0.559,0.544,5342512,294364799.0,2.71,-1.08,-0.006,0.69
2022-09-05,0.544,0.54,0.544,0.534,7820001,420056516.0,1.82,-1.46,-0.008,1.01
2022-09-06,0.542,0.54,0.544,0.534,5652375,304072537.0,1.85,0.0,0.0,0.73
2022-09-07,0.531,0.536,0.537,0.528,7042936,374552052.0,1.67,-0.74,-0.004,0.91
2022-09-08,0.538,0.53,0.54,0.53,4486500,239975910.0,1.87,-1.12,-0.006,0.58
2022-09-09,0.532,0.541,0.544,0.528,7304041,393442628.0,3.02,2.08,0.011,0.94
2022-09-13,0.544,0.54,0.545,0.54,3173346,171951763.0,0.92,-0.18,-0.001,0.41
2022-09-14,0.53,0.527,0.531,0.524,6308246,332802424.0,1.3,-2.41,-0.013,0.81
2022-09-15,0.527,0.526,0.53,0.524,4386143,231102726.0,1.14,-0.19,-0.001,0.56
2022-09-16,0.525,0.519,0.527,0.519,5923151,309372513.0,1.52,-1.33,-0.007,0.76
2022-09-19,0.512,0.507,0.513,0.504,7140621,361754135.0,1.73,-2.31,-0.012,0.92
2022-09-20,0.513,0.517,0.52,0.512,6649884,343639541.0,1.58,1.97,0.01,0.86
2022-09-21,0.511,0.505,0.512,0.504,7452041,377889595.0,1.55,-2.32,-0.012,0.96
2022-09-22,0.49,0.491,0.498,0.487,13307158,655895341.0,2.18,-2.77,-0.014,1.71
2022-09-23,0.49,0.487,0.494,0.484,8526978,416557874.0,2.04,-0.81,-0.004,1.1
2022-09-26,0.481,0.488,0.498,0.481,10340780,508444565.0,3.49,0.21,0.001,1.33
2022-09-27,0.491,0.496,0.497,0.486,9805150,480935296.0,2.25,1.64,0.008,1.26
2022-09-28,0.492,0.483,0.493,0.483,9323361,455470160.0,2.02,-2.62,-0.013,1.2
2022-09-29,0.491,0.473,0.492,0.47,10405802,500942460.0,4.55,-2.07,-0.01,1.34
2022-09-30,0.474,0.463,0.476,0.46,11553493,538233957.0,3.38,-2.11,-0.01,1.49
2022-10-10,0.463,0.458,0.466,0.457,7408218,341867148.0,1.94,-1.08,-0.005,0.95
2022-10-11,0.458,0.45,0.459,0.447,10860336,489947371.0,2.62,-1.75,-0.008,1.4
2022-10-12,0.446,0.456,0.461,0.432,22467586,995010730.0,6.44,1.33,0.006,2.89
2022-10-13,0.447,0.437,0.448,0.436,23582258,1039705078.0,2.63,-4.17,-0.019,3.04
2022-10-14,0.442,0.443,0.454,0.441,25284213,1129313613.0,2.97,1.37,0.006,3.25
2022-10-17,0.434,0.437,0.438,0.428,23373980,1012034596.0,2.26,-1.35,-0.006,3.01
2022-10-18,0.449,0.452,0.453,0.441,22552088,1011634941.0,2.75,3.43,0.015,2.9
2022-10-19,0.451,0.441,0.453,0.44,15401264,687928215.0,2.88,-2.43,-0.011,1.98
2022-10-20,0.426,0.429,0.438,0.421,32605953,1394006609.0,3.85,-2.72,-0.012,4.2
2022-10-21,0.431,0.428,0.435,0.426,19625776,843251052.0,2.1,-0.23,-0.001,2.53
2022-10-24,0.413,0.395,0.422,0.394,54614736,2219496774.0,6.54,-7.71,-0.033,7.03
2022-10-25,0.398,0.401,0.416,0.386,54281480,2181941024.0,7.59,1.52,0.006,6.99
2022-10-26,0.402,0.405,0.421,0.4,52618514,2169103198.0,5.24,1.0,0.004,6.77
2022-10-27,0.42,0.408,0.422,0.408,40124255,1671128082.0,3.46,0.74,0.003,5.17
2022-10-28,0.406,0.388,0.407,0.386,44808036,1779681365.0,5.15,-4.9,-0.02,5.77
2022-10-31,0.389,0.395,0.407,0.386,53549450,2132564031.0,5.41,1.8,0.007,6.89
2022-11-01,0.402,0.426,0.431,0.4,72534762,3004901391.0,7.85,7.85,0.031,9.34
2022-11-02,0.42,0.433,0.437,0.416,63638928,2716370221.0,4.93,1.64,0.007,8.19
2022-11-03,0.424,0.42,0.432,0.42,50182187,2130059133.0,2.77,-3.0,-0.013,6.46
2022-11-04,0.425,0.45,0.462,0.425,94587833,4219669968.0,8.81,7.14,0.03,12.18
2022-11-07,0.44,0.463,0.47,0.438,82339546,3773609535.0,7.11,2.89,0.013,10.6
2022-11-08,0.464,0.457,0.469,0.454,53018266,2434103296.0,3.24,-1.3,-0.006,6.82
2022-11-09,0.457,0.444,0.464,0.444,47423028,2154582712.0,4.38,-2.84,-0.013,6.1
2022-11-10,0.439,0.435,0.441,0.434,38815575,1700296376.0,1.58,-2.03,-0.009,5.0
2022-11-11,0.47,0.465,0.472,0.459,70588881,3279573568.0,2.99,6.9,0.03,9.09
2022-11-14,0.487,0.475,0.49,0.471,61957938,2967393878.0,4.09,2.15,0.01,7.98
2022-11-15,0.473,0.507,0.511,0.47,68287045,3385446617.0,8.63,6.74,0.032,8.79
2022-11-16,0.507,0.502,0.52,0.499,61353905,3110545351.0,4.14,-0.99,-0.005,7.9
2022-11-17,0.5,0.501,0.503,0.486,52294583,2579809860.0,3.39,-0.2,-0.001,6.73
2022-11-18,0.518,0.504,0.526,0.502,51537998,2652754881.0,4.79,0.6,0.003,6.63
2022-11-21,0.492,0.495,0.497,0.482,41319596,2027133637.0,2.98,-1.79,-0.009,5.32
2022-11-22,0.493,0.476,0.496,0.474,43787451,2122731109.0,4.44,-3.84,-0.019,5.64
2022-11-23,0.479,0.486,0.489,0.473,41049114,1974237809.0,3.36,2.1,0.01,5.28
2022-11-24,0.49,0.483,0.493,0.481,23473744,1140872794.0,2.47,-0.62,-0.003,3.02
2022-11-25,0.486,0.477,0.486,0.475,25529136,1219863354.0,2.28,-1.24,-0.006,3.29
2022-11-28,0.459,0.466,0.471,0.456,39421653,1828556780.0,3.14,-2.31,-0.011,5.07
2022-11-29,0.483,0.495,0.497,0.478,47670931,2333127177.0,4.08,6.22,0.029,6.14
2022-11-30,0.498,0.505,0.507,0.496,35278925,1769476001.0,2.22,2.02,0.01,4.54
2022-12-01,0.531,0.522,0.54,0.519,49292165,2590091681.0,4.16,3.37,0.017,6.35
2022-12-02,0.519,0.519,0.53,0.515,32851513,1712879656.0,2.87,-0.57,-0.003,4.23
2022-12-05,0.541,0.559,0.56,0.534,43593681,2384877223.0,5.01,7.71,0.04,5.61
2022-12-06,0.547,0.55,0.569,0.546,40061723,2230433235.0,4.11,-1.61,-0.009,5.16
2022-12-07,0.552,0.545,0.573,0.544,53007211,2969922345.0,5.27,-0.91,-0.005,6.82
2022-12-08,0.543,0.561,0.563,0.54,45405248,2516004138.0,4.22,2.94,0.016,5.84
2022-12-09,0.567,0.575,0.581,0.559,53972200,3079771691.0,3.92,2.5,0.014,6.95
2022-12-12,0.565,0.557,0.573,0.556,37496081,2110770979.0,2.96,-3.13,-0.018,4.83
2022-12-13,0.556,0.56,0.569,0.553,39782759,2233189868.0,2.87,0.54,0.003,5.12
2022-12-14,0.567,0.562,0.569,0.552,34556976,1938215286.0,3.04,0.36,0.002,4.45
2022-12-15,0.559,0.549,0.561,0.547,25314922,1396289837.0,2.49,-2.31,-0.013,3.26
2022-12-16,0.546,0.553,0.559,0.539,37455660,2058590499.0,3.64,0.73,0.004,4.82
2022-12-19,0.557,0.548,0.569,0.545,35762983,1982407541.0,4.34,-0.9,-0.005,4.6
2022-12-20,0.541,0.528,0.542,0.525,38095299,2032371135.0,3.1,-3.65,-0.02,4.9
2022-12-21,0.533,0.529,0.536,0.529,20062710,1068824174.0,1.33,0.19,0.001,2.58
2022-12-22,0.545,0.558,0.563,0.542,32779534,1817698372.0,3.97,5.48,0.029,4.22
2022-12-23,0.549,0.549,0.559,0.545,24885093,1372389762.0,2.51,-1.61,-0.009,3.2
2022-12-26,0.545,0.54,0.546,0.54,6604333,357580461.0,1.09,-1.64,-0.009,0.85
2022-12-27,0.547,0.553,0.555,0.546,10789890,593977837.0,1.67,2.41,0.013,1.39
2022-12-28,0.553,0.556,0.566,0.552,24768218,1382603405.0,2.53,0.54,0.003,3.19
2022-12-29,0.549,0.544,0.554,0.543,23475046,1283450678.0,1.98,-2.16,-0.012,3.02
2022-12-30,0.556,0.547,0.558,0.546,20971583,1156400335.0,2.21,0.55,0.003,2.7
2023-01-03,0.54,0.553,0.556,0.53,30673164,1667008130.0,4.75,1.1,0.006,3.95
2023-01-04,0.562,0.576,0.576,0.558,29410306,1671970335.0,3.25,4.16,0.023,3.79
2023-01-05,0.595,0.585,0.601,0.584,33981611,2005909710.0,2.95,1.56,0.009,4.37
2023-01-06,0.592,0.575,0.594,0.572,29637719,1729981612.0,3.76,-1.71,-0.01,3.82
2023-01-09,0.583,0.588,0.591,0.578,27778968,1627030399.0,2.26,2.26,0.013,3.58
2023-01-10,0.585,0.585,0.588,0.577,19403310,1130389960.0,1.87,-0.51,-0.003,2.5
2023-01-11,0.591,0.585,0.597,0.584,23018650,1363449606.0,2.22,0.0,0.0,2.96
2023-01-12,0.588,0.57,0.59,0.567,32071486,1853206158.0,3.93,-2.56,-0.015,4.13
2023-01-13,0.574,0.578,0.579,0.568,19159114,1097966204.0,1.93,1.4,0.008,2.47
2023-01-16,0.581,0.57,0.584,0.568,26690245,1538368312.0,2.77,-1.38,-0.008,3.44
2023-01-17,0.573,0.573,0.583,0.569,21626791,1243898269.0,2.46,0.53,0.003,2.78
2023-01-18,0.573,0.577,0.582,0.569,15933727,920093945.0,2.27,0.7,0.004,2.05
2023-01-19,0.573,0.572,0.576,0.567,15212389,869858824.0,1.56,-0.87,-0.005,1.96
2023-01-20,0.578,0.585,0.587,0.575,16332780,949119001.0,2.1,2.27,0.013,2.1
2023-01-30,0.609,0.588,0.611,0.587,29703073,1779852441.0,4.1,0.51,0.003,3.82
2023-01-31,0.589,0.572,0.593,0.571,26753582,1553748195.0,3.74,-2.72,-0.016,3.44
2023-02-01,0.582,0.596,0.597,0.577,31043206,1818149576.0,3.5,4.2,0.024,4.0
2023-02-02,0.604,0.6,0.608,0.596,24434358,1474130755.0,2.01,0.67,0.004,3.15
2023-02-03,0.593,0.591,0.597,0.584,23560510,1387402524.0,2.17,-1.5,-0.009,3.03
2023-02-06,0.577,0.57,0.58,0.567,29532460,1692412487.0,2.2,-3.55,-0.021,3.8
2023-02-07,0.573,0.576,0.584,0.572,24595963,1422144196.0,2.11,1.05,0.006,3.17
2023-02-08,0.575,0.567,0.579,0.564,20501073,1168236523.0,2.6,-1.56,-0.009,2.64
2023-02-09,0.562,0.583,0.584,0.561,25141445,1440978308.0,4.06,2.82,0.016,3.24
2023-02-10,0.578,0.562,0.58,0.56,26200237,1489174166.0,3.43,-3.6,-0.021,3.37
2023-02-13,0.555,0.562,0.565,0.551,26288446,1468516153.0,2.49,0.0,0.0,3.38
2023-02-14,0.565,0.557,0.567,0.557,15751117,881911003.0,1.78,-0.89,-0.005,2.03
2023-02-15,0.559,0.554,0.561,0.548,23242266,1287417451.0,2.33,-0.54,-0.003,2.99
2023-02-16,0.56,0.565,0.578,0.558,38230742,2174509670.0,3.61,1.99,0.011,4.92
2023-02-17,0.564,0.554,0.571,0.554,20119538,1129041382.0,3.01,-1.95,-0.011,2.59
2023-02-20,0.555,0.561,0.563,0.548,24616621,1368256066.0,2.71,1.26,0.007,3.17
2023-02-21,0.558,0.544,0.559,0.541,34498794,1894676030.0,3.21,-3.03,-0.017,4.44
2023-02-22,0.537,0.535,0.542,0.531,28765328,1541802580.0,2.02,-1.65,-0.009,3.7
2023-02-23,0.535,0.539,0.545,0.533,30960917,1669926318.0,2.24,0.75,0.004,3.99
2023-02-24,0.537,0.53,0.537,0.528,25925616,1379428281.0,1.67,-1.67,-0.009,3.34
2023-02-27,0.523,0.521,0.531,0.52,35554786,1867826567.0,2.08,-1.7,-0.009,4.58
2023-02-28,0.527,0.518,0.529,0.513,33804460,1763339500.0,3.07,-0.58,-0.003,4.35
2023-03-01,0.519,0.545,0.545,0.517,52861118,2819116423.0,5.41,5.21,0.027,6.8
2023-03-02,0.534,0.537,0.54,0.533,31791561,1707024391.0,1.28,-1.47,-0.008,4.09
2023-03-03,0.549,0.551,0.553,0.541,27658085,1513889475.0,2.23,2.61,0.014,3.56
2023-03-06,0.546,0.548,0.552,0.541,28094787,1534952425.0,2.0,-0.54,-0.003,3.62
2023-03-07,0.545,0.536,0.557,0.534,42395495,2315117774.0,4.2,-2.19,-0.012,5.46
2023-03-08,0.53,0.524,0.531,0.52,32967023,1730034393.0,2.05,-2.24,-0.012,4.24
2023-03-09,0.525,0.523,0.527,0.52,28045301,1468618880.0,1.34,-0.19,-0.001,3.61
2023-03-10,0.505,0.497,0.507,0.496,49234123,2471831924.0,2.1,-4.97,-0.026,6.34
2023-03-13,0.502,0.507,0.514,0.5,52116559,2640208554.0,2.82,2.01,0.01,6.71
2023-03-14,0.504,0.494,0.509,0.491,47456569,2369903989.0,3.55,-2.56,-0.013,6.11
2023-03-15,0.504,0.5,0.511,0.498,39674278,2000741419.0,2.63,1.21,0.006,5.11
2023-03-16,0.495,0.495,0.507,0.494,41727502,2086445245.0,2.6,-1.0,-0.005,5.37
2023-03-17,0.506,0.513,0.517,0.504,44721080,2285125351.0,2.63,3.64,0.018,5.76
2023-03-20,0.514,0.5,0.516,0.498,30000533,1518406941.0,3.51,-2.53,-0.013,3.86
2023-03-21,0.507,0.511,0.512,0.503,35522904,1804147643.0,1.8,2.2,0.011,4.57
2023-03-22,0.519,0.52,0.528,0.518,29269534,1531174306.0,1.96,1.76,0.009,3.77
2023-03-23,0.518,0.536,0.536,0.516,47716971,2511923049.0,3.85,3.08,0.016,6.14
2023-03-24,0.537,0.543,0.553,0.536,45982112,2507458309.0,3.17,1.31,0.007,5.92
2023-03-27,0.546,0.538,0.547,0.53,45640501,2447824576.0,3.13,-0.92,-0.005,5.88
2023-03-28,0.537,0.537,0.542,0.53,33816120,1812006936.0,2.23,-0.19,-0.001,4.35
2023-03-29,0.56,0.551,0.564,0.549,35859886,1987054502.0,2.79,2.61,0.014,4.62
2023-03-30,0.555,0.551,0.56,0.546,36026935,1989412453.0,2.54,0.0,0.0,4.64
2023-03-31,0.563,0.557,0.564,0.553,32325468,1803672430.0,2.0,1.09,0.006,4.16
2023-04-03,0.554,0.554,0.557,0.55,32504889,1799296124.0,1.26,-0.54,-0.003,4.18
2023-04-04,0.553,0.55,0.554,0.543,27844278,1523379159.0,1.99,-0.72,-0.004,3.58
2023-04-06,0.54,0.544,0.548,0.539,25736480,1397834659.0,1.64,-1.09,-0.006,3.31
2023-04-07,0.55,0.553,0.554,0.549,8492208,468458936.0,0.92,1.65,0.009,1.09
2023-04-10,0.554,0.553,0.555,0.55,10458761,578099256.0,0.9,0.0,0.0,1.35
2023-04-11,0.555,0.547,0.559,0.542,30129274,1657827600.0,3.07,-1.08,-0.006,3.88
2023-04-12,0.549,0.539,0.552,0.539,24246411,1319910708.0,2.38,-1.46,-0.008,3.12
2023-04-13,0.529,0.532,0.536,0.525,29525443,1567161473.0,2.04,-1.3,-0.007,3.8
2023-04-14,0.54,0.536,0.542,0.531,28431245,1523316101.0,2.07,0.75,0.004,3.66
2023-04-17,0.533,0.55,0.55,0.532,33273245,1803710604.0,3.36,2.61,0.014,4.28
2023-04-18,0.547,0.543,0.549,0.542,23525901,1282363135.0,1.27,-1.27,-0.007,3.03
2023-04-19,0.543,0.535,0.544,0.533,19624284,1053947450.0,2.03,-1.47,-0.008,2.53
2023-04-20,0.532,0.533,0.536,0.53,21549663,1148667126.0,1.12,-0.37,-0.002,2.77
2023-04-21,0.529,0.516,0.53,0.516,27058710,1415376915.0,2.63,-3.19,-0.017,3.48
2023-04-24,0.517,0.51,0.521,0.507,23150245,1190907997.0,2.71,-1.16,-0.006,2.98
2023-04-25,0.511,0.498,0.512,0.493,27673146,1382727513.0,3.73,-2.35,-0.012,3.56
2023-04-26,0.495,0.506,0.511,0.495,31342494,1578946567.0,3.21,1.61,0.008,4.03
2023-04-27,0.503,0.502,0.505,0.499,20061985,1006568299.0,1.19,-0.79,-0.004,2.58
2023-04-28,0.507,0.511,0.515,0.506,20508797,1047010929.0,1.79,1.79,0.009,2.64
2023-05-04,0.504,0.502,0.507,0.498,25574118,1284831404.0,1.76,-1.76,-0.009,3.29
2023-05-05,0.509,0.508,0.514,0.505,24361027,1240925734.0,1.79,1.2,0.006,3.14
2023-05-08,0.51,0.51,0.514,0.506,18700241,952942337.0,1.57,0.39,0.002,2.41
2023-05-09,0.509,0.496,0.51,0.495,25206356,1268397063.0,2.94,-2.75,-0.014,3.24
2023-05-10,0.498,0.499,0.501,0.492,20954919,1040105742.0,1.81,0.6,0.003,2.7
2023-05-11,0.504,0.499,0.509,0.498,24081397,1214794474.0,2.2,0.0,0.0,3.1
2023-05-12,0.512,0.508,0.515,0.506,27597844,1409885454.0,1.8,1.8,0.009,3.55
2023-05-15,0.504,0.516,0.519,0.502,28847935,1475524896.0,3.35,1.57,0.008,3.71
2023-05-16,0.522,0.518,0.524,0.517,14593643,759519574.0,1.36,0.39,0.002,1.88
2023-05-17,0.522,0.516,0.524,0.515,19203094,998381335.0,1.74,-0.39,-0.002,2.47
2023-05-18,0.518,0.517,0.523,0.515,20805213,1078771250.0,1.55,0.19,0.001,2.68
2023-05-19,0.512,0.511,0.515,0.509,17155140,877392650.0,1.16,-1.16,-0.006,2.21
2023-05-22,0.511,0.521,0.523,0.508,24923232,1289004215.0,2.94,1.96,0.01,3.21
2023-05-23,0.522,0.512,0.525,0.512,15409164,800454827.0,2.5,-1.73,-0.009,1.98
2023-05-24,0.508,0.504,0.51,0.503,17456595,883852821.0,1.37,-1.56,-0.008,2.25
2023-05-25,0.5,0.494,0.503,0.488,35684313,1763988060.0,2.98,-1.98,-0.01,4.59
2023-05-26,0.49,0.492,0.492,0.487,11325455,554347554.0,1.01,-0.4,-0.002,1.46
2023-05-29,0.5,0.49,0.501,0.487,25232937,1244614766.0,2.85,-0.41,-0.002,3.25
2023-05-30,0.49,0.495,0.496,0.486,27425502,1347232109.0,2.04,1.02,0.005,3.53
2023-05-31,0.489,0.481,0.49,0.479,26840442,1299083089.0,2.22,-2.83,-0.014,3.46
2023-06-01,0.484,0.489,0.498,0.483,36349198,1788863850.0,3.12,1.66,0.008,4.68
2023-06-02,0.499,0.511,0.514,0.498,30560542,1545919075.0,3.27,4.5,0.022,3.93
2023-06-05,0.509,0.513,0.516,0.507,24269035,1242943767.0,1.76,0.39,0.002,3.12
2023-06-06,0.514,0.511,0.523,0.51,25762721,1332700277.0,2.53,-0.39,-0.002,3.32
2023-06-07,0.524,0.525,0.528,0.521,25306237,1327386632.0,1.37,2.74,0.014,3.26
2023-06-08,0.524,0.523,0.526,0.517,20918258,1090616408.0,1.71,-0.38,-0.002,2.69
2023-06-09,0.526,0.53,0.53,0.519,19512098,1024147197.0,2.1,1.34,0.007,2.51
2023-06-12,0.53,0.53,0.532,0.524,14791712,781204327.0,1.51,0.0,0.0,1.9
2023-06-13,0.53,0.545,0.548,0.53,26420460,1427383323.0,3.4,2.83,0.015,3.4
2023-06-14,0.547,0.545,0.555,0.544,21102611,1161487768.0,2.02,0.0,0.0,2.72
2023-06-15,0.555,0.562,0.562,0.555,22245457,1242263921.0,1.28,3.12,0.017,2.86
2023-06-16,0.568,0.569,0.575,0.563,23460278,1333373790.0,2.14,1.25,0.007,3.02
2023-06-19,0.566,0.559,0.568,0.554,21009294,1176324917.0,2.46,-1.76,-0.01,2.7
2023-06-20,0.561,0.55,0.565,0.548,21696628,1202739319.0,3.04,-1.61,-0.009,2.79
2023-06-21,0.54,0.537,0.545,0.536,23074783,1246894971.0,1.64,-2.36,-0.013,2.97
2023-06-26,0.525,0.528,0.533,0.523,22259782,1174813655.0,1.86,-1.68,-0.009,2.87
2023-06-27,0.531,0.54,0.541,0.529,21118527,1133671045.0,2.27,2.27,0.012,2.72
2023-06-28,0.538,0.545,0.546,0.533,21001822,1132039166.0,2.41,0.93,0.005,2.7
2023-06-29,0.543,0.536,0.544,0.535,15719521,846669069.0,1.65,-1.65,-0.009,2.02
2023-06-30,0.535,0.533,0.538,0.531,20483291,1096213612.0,1.31,-0.56,-0.003,2.64
2023-07-03,0.537,0.553,0.554,0.537,26934051,1474968003.0,3.19,3.75,0.02,3.47
2023-07-04,0.551,0.552,0.558,0.546,22282456,1230371050.0,2.17,-0.18,-0.001,2.87
2023-07-05,0.552,0.546,0.555,0.544,16634396,911871241.0,1.99,-1.09,-0.006,2.14
2023-07-06,0.543,0.539,0.553,0.533,28245283,1531845750.0,3.66,-1.28,-0.007,3.64
2023-07-07,0.536,0.532,0.539,0.526,30549414,1625178944.0,2.41,-1.3,-0.007,3.93
2023-07-10,0.543,0.536,0.547,0.534,23940977,1292142127.0,2.44,0.75,0.004,3.08
2023-07-11,0.545,0.545,0.549,0.54,21726920,1183109346.0,1.68,1.68,0.009,2.8
2023-07-12,0.547,0.549,0.556,0.546,20421107,1127590124.0,1.83,0.73,0.004,2.63
2023-07-13,0.563,0.57,0.572,0.563,24652297,1399127882.0,1.64,3.83,0.021,3.17
2023-07-14,0.576,0.567,0.578,0.565,20154164,1147374909.0,2.28,-0.53,-0.003,2.59
2023-07-17,0.563,0.559,0.564,0.557,6035784,337659899.0,1.23,-1.41,-0.008,0.78
2023-07-18,0.565,0.558,0.566,0.557,16073304,900356844.0,1.61,-0.18,-0.001,2.07
2023-07-19,0.551,0.56,0.561,0.546,22318529,1232154821.0,2.69,0.36,0.002,2.87
2023-07-20,0.562,0.55,0.566,0.549,29606362,1647727971.0,3.04,-1.79,-0.01,3.81
2023-07-21,0.549,0.553,0.56,0.547,19340868,1070459288.0,2.36,0.55,0.003,2.49
2023-07-24,0.545,0.543,0.554,0.541,24554201,1343872199.0,2.35,-1.81,-0.01,3.16
2023-07-25,0.565,0.571,0.571,0.562,28868236,1637176030.0,1.66,5.16,0.028,3.72
2023-07-26,0.568,0.57,0.571,0.565,17492582,992972844.0,1.05,-0.18,-0.001,2.25
2023-07-27,0.58,0.582,0.587,0.577,28863053,1681278449.0,1.75,2.11,0.012,3.72
2023-07-28,0.579,0.603,0.606,0.578,38194450,2273543759.0,4.81,3.61,0.021,4.92
2023-07-31,0.624,0.619,0.633,0.615,43313503,2704960642.0,2.99,2.65,0.016,5.58
2023-08-01,0.62,0.611,0.632,0.61,40297147,2504707161.0,3.55,-1.29,-0.008,5.19
2023-08-02,0.61,0.594,0.616,0.593,34973675,2110049186.0,3.76,-2.78,-0.017,4.5
2023-08-03,0.595,0.604,0.605,0.593,34399768,2064061709.0,2.02,1.68,0.01,4.43
2023-08-04,0.614,0.607,0.617,0.603,37903618,2315074710.0,2.32,0.5,0.003,4.88
2023-08-07,0.603,0.609,0.612,0.598,24016369,1457664752.0,2.31,0.33,0.002,3.09
2023-08-08,0.599,0.597,0.604,0.593,25467266,1525944546.0,1.81,-1.97,-0.012,3.28
2023-08-09,0.588,0.592,0.596,0.585,23645166,1394867243.0,1.84,-0.84,-0.005,3.04
2023-08-10,0.588,0.593,0.595,0.585,26675058,1572366389.0,1.69,0.17,0.001,3.43
2023-08-11,0.596,0.58,0.597,0.58,32342785,1893498078.0,2.87,-2.19,-0.013,4.16
2023-08-14,0.565,0.57,0.572,0.563,32754376,1857531757.0,1.55,-1.72,-0.01,4.22
2023-08-15,0.572,0.571,0.577,0.566,36666634,2093652468.0,1.93,0.18,0.001,4.72
2023-08-16,0.563,0.56,0.569,0.559,32745704,1846486122.0,1.75,-1.93,-0.011,4.22
2023-08-17,0.551,0.57,0.57,0.549,55168289,3089655066.0,3.75,1.79,0.01,7.1
2023-08-18,0.561,0.548,0.564,0.547,45151265,2510685075.0,2.98,-3.86,-0.022,5.81
2023-08-21,0.542,0.536,0.549,0.535,41288005,2237104109.0,2.55,-2.19,-0.012,5.31
2023-08-22,0.542,0.548,0.552,0.533,52384253,2837654046.0,3.54,2.24,0.012,6.74
2023-08-23,0.546,0.544,0.553,0.539,41453654,2260991729.0,2.55,-0.73,-0.004,5.34
2023-08-24,0.551,0.564,0.567,0.55,47770818,2670490553.0,3.13,3.68,0.02,6.15
2023-08-25,0.556,0.554,0.56,0.553,37126796,2063187939.0,1.24,-1.77,-0.01,4.78
2023-08-28,0.589,0.564,0.597,0.563,59800215,3417788656.0,6.14,1.81,0.01,7.7
2023-08-29,0.567,0.578,0.581,0.566,43238618,2484946721.0,2.66,2.48,0.014,5.57
2023-08-30,0.584,0.572,0.588,0.571,46503048,2699134209.0,2.94,-1.04,-0.006,5.99
2023-08-31,0.576,0.569,0.581,0.568,39218144,2252777087.0,2.27,-0.52,-0.003,5.05
2023-09-01,0.573,0.572,0.575,0.57,11535952,660237567.0,0.88,0.53,0.003,1.48
2023-09-04,0.581,0.583,0.585,0.575,35329204,2051925564.0,1.75,1.92,0.011,4.55
2023-09-05,0.58,0.573,0.582,0.57,29807054,1717801584.0,2.06,-1.72,-0.01,3.84
2023-09-06,0.568,0.568,0.571,0.563,30768872,1743584338.0,1.4,-0.87,-0.005,3.96
2023-09-07,0.568,0.559,0.568,0.559,26950030,1517743387.0,1.58,-1.58,-0.009,3.47
2023-09-08,0.55,0.551,0.556,0.548,15864162,873151531.0,1.43,-1.43,-0.008,2.04
2023-09-11,0.549,0.554,0.558,0.546,42695319,2357108000.0,2.18,0.54,0.003,5.5
2023-09-12,0.554,0.557,0.562,0.551,26849110,1492933952.0,1.99,0.54,0.003,3.46
2023-09-13,0.557,0.552,0.559,0.549,25100842,1389500997.0,1.8,-0.9,-0.005,3.23
2023-09-14,0.553,0.554,0.557,0.55,22341201,1235805311.0,1.27,0.36,0.002,2.88
2023-09-15,0.556,0.557,0.561,0.55,34746689,1933970281.0,1.99,0.54,0.003,4.47
2023-09-18,0.552,0.548,0.554,0.546,30361313,1670034224.0,1.44,-1.62,-0.009,3.91
2023-09-19,0.547,0.544,0.548,0.54,24427070,1328033588.0,1.46,-0.73,-0.004,3.14
2023-09-20,0.542,0.538,0.543,0.535,25008262,1348426466.0,1.47,-1.1,-0.006,3.22
2023-09-21,0.533,0.527,0.534,0.524,30941850,1633169845.0,1.86,-2.04,-0.011,3.98
2023-09-22,0.523,0.541,0.543,0.523,42159313,2253876980.0,3.8,2.66,0.014,5.43
2023-09-25,0.54,0.531,0.54,0.53,22973970,1226939855.0,1.85,-1.85,-0.01,2.96
2023-09-26,0.529,0.524,0.53,0.522,28815753,1513807678.0,1.51,-1.32,-0.007,3.71
2023-09-27,0.524,0.527,0.531,0.523,30889774,1627973065.0,1.53,0.57,0.003,3.98
2023-09-28,0.527,0.518,0.528,0.516,28513344,1484762284.0,2.28,-1.71,-0.009,3.67
2023-10-09,0.521,0.522,0.525,0.519,21470888,1120721163.0,1.16,0.77,0.004,2.76
2023-10-10,0.528,0.529,0.536,0.527,34566359,1834077313.0,1.72,1.34,0.007,4.45
2023-10-11,0.539,0.539,0.544,0.536,28056012,1513407979.0,1.51,1.89,0.01,3.61
2023-10-12,0.548,0.545,0.549,0.544,19447828,1063454881.0,0.93,1.11,0.006,2.5
2023-10-13,0.532,0.532,0.537,0.528,27743628,1476629560.0,1.65,-2.39,-0.013,3.57
2023-10-16,0.53,0.52,0.53,0.519,24656024,1291412456.0,2.07,-2.26,-0.012,3.17
2023-10-17,0.524,0.524,0.527,0.521,22692446,1188620107.0,1.15,0.77,0.004,2.92
2023-10-18,0.522,0.516,0.522,0.515,26895277,1392720512.0,1.34,-1.53,-0.008,3.46
2023-10-19,0.508,0.506,0.511,0.506,30640961,1555846130.0,0.97,-1.94,-0.01,3.94
2023-10-20,0.503,0.505,0.509,0.502,26152292,1323185374.0,1.38,-0.2,-0.001,3.37
2023-10-23,0.501,0.497,0.501,0.494,9655902,480715859.0,1.39,-1.58,-0.008,1.24
2023-10-24,0.5,0.501,0.504,0.493,33596872,1677321611.0,2.21,0.8,0.004,4.32
2023-10-25,0.517,0.512,0.522,0.508,44726129,2307508417.0,2.79,2.2,0.011,5.76
2023-10-26,0.508,0.512,0.516,0.506,26188834,1337392855.0,1.95,0.0,0.0,3.37
2023-10-27,0.514,0.527,0.529,0.513,46974915,2452630020.0,3.13,2.93,0.015,6.05
2023-10-30,0.523,0.531,0.533,0.521,25850870,1367044470.0,2.28,0.76,0.004,3.33
2023-10-31,0.53,0.524,0.53,0.52,20841254,1092846461.0,1.88,-1.32,-0.007,2.68
2023-11-01,0.526,0.52,0.527,0.515,24930219,1294749514.0,2.29,-0.76,-0.004,3.21
2023-11-02,0.527,0.524,0.534,0.523,25704333,1359083443.0,2.12,0.77,0.004,3.31
2023-11-03,0.531,0.54,0.543,0.529,34104684,1828616573.0,2.67,3.05,0.016,4.39
2023-11-06,0.552,0.559,0.564,0.551,38074390,2124192136.0,2.41,3.52,0.019,4.9
2023-11-07,0.555,0.553,0.56,0.55,28447265,1575705072.0,1.79,-1.07,-0.006,3.66
2023-11-08,0.552,0.549,0.557,0.547,28422755,1570946889.0,1.81,-0.72,-0.004,3.66
2023-11-09,0.55,0.55,0.556,0.546,27356925,1506796321.0,1.82,0.18,0.001,3.52
2023-11-10,0.541,0.534,0.542,0.533,29827452,1599643023.0,1.64,-2.91,-0.016,3.84
2023-11-13,0.538,0.538,0.543,0.534,23976292,1289888510.0,1.69,0.75,0.004,3.09
2023-11-14,0.547,0.543,0.548,0.539,25197915,1368003959.0,1.67,0.93,0.005,3.24
2023-11-15,0.557,0.557,0.56,0.55,36804783,2041204354.0,1.84,2.58,0.014,4.74
2023-11-16,0.563,0.553,0.564,0.546,40055928,2216666198.0,3.23,-0.72,-0.004,5.16
2023-11-17,0.543,0.543,0.547,0.539,30629551,1659944678.0,1.45,-1.81,-0.01,3.94
2023-11-20,0.546,0.549,0.551,0.542,28925455,1581078436.0,1.66,1.1,0.006,3.72
2023-11-21,0.556,0.545,0.558,0.543,33145437,1829041124.0,2.73,-0.73,-0.004,4.27
2023-11-22,0.542,0.539,0.546,0.538,30642353,1659109932.0,1.47,-1.1,-0.006,3.94
2023-11-23,0.541,0.548,0.549,0.54,34879705,1898578560.0,1.67,1.67,0.009,4.49
2023-11-24,0.547,0.541,0.548,0.54,17736570,964038687.0,1.46,-1.28,-0.007,2.28
2023-11-27,0.543,0.541,0.544,0.534,31054031,1671030205.0,1.85,0.0,0.0,4.0
2023-11-28,0.539,0.537,0.543,0.534,24230347,1304827682.0,1.66,-0.74,-0.004,3.12
2023-11-29,0.537,0.523,0.537,0.519,42902714,2259734354.0,3.35,-2.61,-0.014,5.52
2023-11-30,0.523,0.521,0.524,0.515,34163453,1774085792.0,1.72,-0.38,-0.002,4.4
2023-12-01,0.52,0.515,0.52,0.511,41986073,2164473359.0,1.73,-1.15,-0.006,5.4
2023-12-04,0.515,0.503,0.517,0.502,40750339,2069628699.0,2.91,-2.33,-0.012,5.25
2023-12-05,0.502,0.49,0.503,0.489,39522135,1954703596.0,2.78,-2.58,-0.013,5.09
2023-12-06,0.493,0.503,0.506,0.492,37972799,1897768489.0,2.86,2.65,0.013,4.89
2023-12-07,0.5,0.497,0.5,0.493,27477175,1363392242.0,1.39,-1.19,-0.006,3.54
2023-12-08,0.498,0.498,0.503,0.493,35127070,1749135627.0,2.01,0.2,0.001,4.52
2023-12-11,0.492,0.496,0.498,0.487,44997050,2214099951.0,2.21,-0.4,-0.002,5.79
2023-12-12,0.497,0.504,0.504,0.494,35595343,1783385235.0,2.02,1.61,0.008,4.58
2023-12-13,0.499,0.494,0.5,0.492,37605536,1869004156.0,1.59,-1.98,-0.01,4.84
2023-12-14,0.5,0.495,0.504,0.494,48123239,2399167868.0,2.02,0.2,0.001,6.19
2023-12-15,0.501,0.503,0.511,0.5,64963095,3281019774.0,2.22,1.62,0.008,8.36
2023-12-18,0.5,0.498,0.503,0.497,33155497,1655819960.0,1.19,-0.99,-0.005,4.27
2023-12-19,0.496,0.496,0.499,0.492,36249556,1796154561.0,1.41,-0.4,-0.002,4.67
2023-12-20,0.502,0.498,0.503,0.496,32868703,1645089537.0,1.41,0.4,0.002,4.23
2023-12-21,0.493,0.497,0.498,0.49,40352474,1992825814.0,1.61,-0.2,-0.001,5.19
2023-12-22,0.499,0.473,0.503,0.472,76774486,3719328547.0,6.24,-4.83,-0.024,9.88
2023-12-25,0.477,0.477,0.48,0.476,12202496,582736153.0,0.85,0.85,0.004,1.57
2023-12-26,0.478,0.476,0.478,0.474,11534842,548799398.0,0.84,-0.21,-0.001,1.48
2023-12-27,0.482,0.483,0.485,0.479,31052582,1496665032.0,1.26,1.47,0.007,4.0
2023-12-28,0.484,0.499,0.503,0.483,47503834,2348582713.0,4.14,3.31,0.016,6.11
2023-12-29,0.498,0.496,0.501,0.494,38658745,1919792005.0,1.4,-0.6,-0.003,4.98
2024-01-02,0.501,0.493,0.504,0.492,32368599,1605407187.0,2.42,-0.6,-0.003,4.17
2024-01-03,0.488,0.486,0.489,0.484,26394933,1282950122.0,1.01,-1.42,-0.007,3.4
2024-01-04,0.488,0.488,0.489,0.483,28771698,1397724798.0,1.23,0.41,0.002,3.7
2024-01-05,0.485,0.479,0.49,0.478,34915557,1689421562.0,2.46,-1.84,-0.009,4.49
2024-01-08,0.478,0.465,0.478,0.464,32858024,1536415258.0,2.92,-2.92,-0.014,4.23
2024-01-09,0.467,0.464,0.473,0.462,36060941,1685389807.0,2.37,-0.22,-0.001,4.64
2024-01-10,0.46,0.457,0.465,0.456,34766887,1599695721.0,1.94,-1.51,-0.007,4.48
2024-01-11,0.459,0.47,0.472,0.458,45099150,2100744415.0,3.06,2.84,0.013,5.81
2024-01-12,0.464,0.463,0.471,0.462,27379999,1276115343.0,1.91,-1.49,-0.007,3.52
2024-01-15,0.461,0.454,0.461,0.452,36998568,1689347525.0,1.94,-1.94,-0.009,4.76
2024-01-16,0.451,0.446,0.456,0.443,40034728,1797494933.0,2.86,-1.76,-0.008,5.15
2024-01-17,0.442,0.421,0.442,0.421,55343421,2382707418.0,4.71,-5.61,-0.025,7.12
2024-01-18,0.424,0.428,0.43,0.419,64218557,2726048584.0,2.61,1.66,0.007,8.27
2024-01-19,0.426,0.416,0.431,0.416,39472939,1674690347.0,3.5,-2.8,-0.012,5.08
2024-01-22,0.421,0.405,0.423,0.401,52967509,2178537520.0,5.29,-2.64,-0.011,6.82
2024-01-23,0.409,0.421,0.427,0.407,73359151,3071283727.0,4.94,3.95,0.016,9.44
2024-01-24,0.43,0.43,0.435,0.419,60483364,2582270699.0,3.8,2.14,0.009,7.79
2024-01-25,0.434,0.44,0.443,0.428,51815403,2261348166.0,3.49,2.33,0.01,6.67
2024-01-26,0.437,0.427,0.437,0.423,50433224,2171533781.0,3.18,-2.95,-0.013,6.49
2024-01-29,0.428,0.426,0.435,0.424,43703887,1875187995.0,2.58,-0.23,-0.001,5.63
2024-01-30,0.419,0.413,0.422,0.412,33528395,1396741474.0,2.35,-3.05,-0.013,4.32
2024-01-31,0.41,0.4,0.415,0.399,52464748,2127638037.0,3.87,-3.15,-0.013,6.75
2024-02-01,0.403,0.407,0.416,0.401,61038201,2495793159.0,3.75,1.75,0.007,7.86
2024-02-02,0.415,0.406,0.421,0.401,64624498,2655523915.0,4.91,-0.25,-0.001,8.32
2024-02-05,0.399,0.405,0.412,0.398,66402232,2688043925.0,3.45,-0.25,-0.001,8.55
2024-02-06,0.407,0.431,0.432,0.406,75241975,3155938745.0,6.42,6.42,0.026,9.69
2024-02-07,0.435,0.424,0.44,0.421,70348464,3025978635.0,4.41,-1.62,-0.007,9.06
2024-02-08,0.423,0.422,0.429,0.42,57081013,2421196970.0,2.12,-0.47,-0.002,7.35
2024-02-19,0.437,0.433,0.438,0.43,37715946,1633781630.0,1.9,2.61,0.011,4.86
2024-02-20,0.436,0.432,0.438,0.426,30184321,1297936660.0,2.77,-0.23,-0.001,3.89
2024-02-21,0.429,0.448,0.454,0.428,66527765,2958429352.0,6.02,3.7,0.016,8.56
2024-02-22,0.445,0.451,0.451,0.441,37738247,1685765689.0,2.23,0.67,0.003,4.86
2024-02-23,0.45,0.452,0.458,0.447,40104764,1809562869.0,2.44,0.22,0.001,5.16
2024-02-26,0.45,0.45,0.455,0.448,39158852,1766900153.0,1.55,-0.44,-0.002,5.04
2024-02-27,0.453,0.46,0.46,0.448,49541927,2250820082.0,2.67,2.22,0.01,6.38
2024-02-28,0.467,0.454,0.471,0.454,48246939,2235226421.0,3.7,-1.3,-0.006,6.21
2024-02-29,0.45,0.458,0.46,0.45,46839021,2130268711.0,2.2,0.88,0.004,6.03
2024-03-01,0.452,0.461,0.463,0.45,55730109,2549591528.0,2.84,0.66,0.003,7.17
2024-03-04,0.462,0.457,0.464,0.454,44984626,2065634579.0,2.17,-0.87,-0.004,5.79
2024-03-05,0.448,0.442,0.451,0.441,46803311,2085127393.0,2.19,-3.28,-0.015,6.02
2024-03-06,0.442,0.451,0.457,0.441,53686348,2408170317.0,3.62,2.04,0.009,6.91
2024-03-07,0.453,0.442,0.457,0.442,36449569,1637502615.0,3.33,-2.0,-0.009,4.69
2024-03-08,0.444,0.451,0.453,0.444,36966379,1661366247.0,2.04,2.04,0.009,4.76
2024-03-11,0.452,0.459,0.46,0.451,31780324,1451094751.0,2.0,1.77,0.008,4.09
2024-03-12,0.464,0.481,0.481,0.461,61473291,2905329458.0,4.36,4.79,0.022,7.91
2024-03-13,0.482,0.483,0.49,0.481,47520016,2308369662.0,1.87,0.42,0.002,6.12
2024-03-14,0.485,0.474,0.488,0.472,40529682,1939385227.0,3.31,-1.86,-0.009,5.22
2024-03-15,0.466,0.469,0.47,0.461,40681279,1895425057.0,1.9,-1.05,-0.005,5.24
2024-03-18,0.468,0.477,0.477,0.466,45398256,2143986143.0,2.35,1.71,0.008,5.84
2024-03-19,0.47,0.468,0.473,0.465,38198976,1789388004.0,1.68,-1.89,-0.009,4.92
2024-03-20,0.468,0.471,0.472,0.463,34576221,1620414202.0,1.92,0.64,0.003,4.45
2024-03-21,0.478,0.476,0.482,0.473,41472888,1979548529.0,1.91,1.06,0.005,5.34
2024-03-22,0.468,0.461,0.468,0.457,52078999,2406178486.0,2.31,-3.15,-0.015,6.7
2024-03-25,0.461,0.455,0.465,0.454,44558048,2042829978.0,2.39,-1.3,-0.006,5.74
2024-03-26,0.459,0.462,0.464,0.455,40426084,1853809581.0,1.98,1.54,0.007,5.2
2024-03-27,0.456,0.452,0.457,0.451,37453574,1700522179.0,1.3,-2.16,-0.01,4.82
2024-03-28,0.453,0.462,0.469,0.453,50865553,2345525773.0,3.54,2.21,0.01,6.55
2024-03-29,0.464,0.465,0.467,0.463,10790249,501300001.0,0.87,0.65,0.003,1.39
2024-04-01,0.467,0.471,0.472,0.466,20722344,972909212.0,1.29,1.29,0.006,2.67
2024-04-02,0.474,0.468,0.475,0.467,37158184,1747848492.0,1.7,-0.64,-0.003,4.78
2024-04-03,0.469,0.46,0.469,0.459,26452701,1225340760.0,2.14,-1.71,-0.008,3.41
2024-04-08,0.455,0.457,0.463,0.453,35744904,1636914737.0,2.17,-0.65,-0.003,4.6
2024-04-09,0.458,0.461,0.466,0.458,30515010,1407252210.0,1.75,0.88,0.004,3.93
2024-04-10,0.466,0.469,0.475,0.464,49821427,2338637151.0,2.39,1.74,0.008,6.41
2024-04-11,0.461,0.469,0.471,0.461,33266330,1549081494.0,2.13,0.0,0.0,4.28
2024-04-12,0.466,0.462,0.47,0.46,30461722,1414420749.0,2.13,-1.49,-0.007,3.92
2024-04-15,0.453,0.456,0.457,0.45,36732896,1668107245.0,1.52,-1.3,-0.006,4.73
2024-04-16,0.449,0.443,0.452,0.441,37685859,1684066587.0,2.41,-2.85,-0.013,4.85
2024-04-17,0.445,0.443,0.448,0.44,43720323,1937357123.0,1.81,0.0,0.0,5.63
2024-04-18,0.442,0.445,0.451,0.439,41100132,1832400733.0,2.71,0.45,0.002,5.29
2024-04-19,0.439,0.436,0.44,0.43,45628208,1985765672.0,2.25,-2.02,-0.009,5.87
2024-04-22,0.44,0.443,0.448,0.437,34466295,1526573817.0,2.52,1.61,0.007,4.44
2024-04-23,0.45,0.457,0.458,0.447,36990815,1674217306.0,2.48,3.16,0.014,4.76
2024-04-24,0.463,0.472,0.473,0.46,32867979,1535693503.0,2.84,3.28,0.015,4.23
2024-04-25,0.47,0.47,0.479,0.467,39480585,1864038301.0,2.54,-0.42,-0.002,5.08
2024-04-26,0.473,0.491,0.494,0.472,58925022,2863645390.0,4.68,4.47,0.021,7.59
2024-04-29,0.494,0.491,0.504,0.491,58287132,2895009499.0,2.65,0.0,0.0,7.5
2024-04-30,0.494,0.489,0.496,0.487,33030575,1623531045.0,1.83,-0.41,-0.002,4.25
2024-05-06,0.521,0.529,0.531,0.519,70364577,3689557098.0,2.45,8.18,0.04,9.06
2024-05-07,0.526,0.52,0.529,0.517,46140650,2413650534.0,2.27,-1.7,-0.009,5.94
2024-05-08,0.519,0.513,0.525,0.511,47633113,2467269914.0,2.69,-1.35,-0.007,6.13
2024-05-09,0.513,0.522,0.524,0.513,45930394,2384300881.0,2.14,1.75,0.009,5.91
2024-05-10,0.526,0.523,0.53,0.516,59484159,3107688437.0,2.68,0.19,0.001,7.66
2024-05-13,0.519,0.531,0.534,0.517,49561759,2614281073.0,3.25,1.53,0.008,6.38
2024-05-14,0.54,0.537,0.545,0.536,46627854,2517254793.0,1.69,1.13,0.006,6.0
2024-05-15,0.535,0.534,0.537,0.533,14582632,779761279.0,0.74,-0.56,-0.003,1.88
2024-05-16,0.542,0.539,0.544,0.533,50921459,2740697434.0,2.06,0.94,0.005,6.55
2024-05-17,0.547,0.545,0.553,0.541,46660480,2550481836.0,2.23,1.11,0.006,6.01
2024-05-20,0.548,0.548,0.552,0.547,33935114,1864334353.0,0.92,0.55,0.003,4.37
2024-05-21,0.543,0.528,0.544,0.527,39916897,2132335412.0,3.1,-3.65,-0.02,5.14
2024-05-22,0.53,0.531,0.536,0.526,33104744,1761294054.0,1.89,0.57,0.003,4.26
2024-05-23,0.528,0.521,0.529,0.519,36025895,1882156188.0,1.88,-1.88,-0.01,4.64
2024-05-24,0.515,0.505,0.519,0.504,49916522,2549769137.0,2.88,-3.07,-0.016,6.43
2024-05-27,0.507,0.515,0.517,0.5,48617500,2473452995.0,3.37,1.98,0.01,6.26
2024-05-28,0.515,0.514,0.523,0.511,39172109,2025311157.0,2.33,-0.19,-0.001,5.04
2024-05-29,0.51,0.504,0.511,0.501,41034311,2075343819.0,1.95,-1.95,-0.01,5.28
2024-05-30,0.502,0.5,0.509,0.498,44813610,2252482139.0,2.18,-0.79,-0.004,5.77
2024-05-31,0.508,0.498,0.512,0.497,44560762,2251715659.0,3.0,-0.4,-0.002,5.74
2024-06-03,0.5,0.504,0.509,0.499,44022506,2222160528.0,2.01,1.2,0.006,5.67
2024-06-04,0.5,0.507,0.508,0.5,33473378,1687866689.0,1.59,0.6,0.003,4.31
2024-06-05,0.506,0.507,0.515,0.504,41973707,2143118371.0,2.17,0.0,0.0,5.4
2024-06-06,0.513,0.511,0.518,0.508,44334322,2273021724.0,1.97,0.79,0.004,5.71
2024-06-07,0.514,0.503,0.515,0.501,40535053,2053153604.0,2.74,-1.57,-0.008,5.22
2024-06-11,0.497,0.502,0.504,0.494,38175849,1902854614.0,1.99,-0.2,-0.001,4.91
2024-06-12,0.498,0.496,0.502,0.495,30554116,1519755519.0,1.39,-1.2,-0.006,3.93
2024-06-13,0.501,0.498,0.502,0.495,32224585,1603676051.0,1.41,0.4,0.002,4.15
2024-06-14,0.498,0.497,0.5,0.495,29134171,1447930781.0,1.0,-0.2,-0.001,3.75
2024-06-17,0.491,0.496,0.5,0.49,35770177,1773676221.0,2.01,-0.2,-0.001,4.6
2024-06-18,0.497,0.494,0.502,0.493,31146424,1548953117.0,1.81,-0.4,-0.002,4.01
2024-06-19,0.499,0.509,0.511,0.498,37578180,1892292035.0,2.63,3.04,0.015,4.84
2024-06-20,0.511,0.505,0.513,0.502,32327990,1638922645.0,2.16,-0.79,-0.004,4.16
2024-06-21,0.499,0.496,0.5,0.492,32704964,1620276453.0,1.58,-1.78,-0.009,4.21
2024-06-24,0.492,0.486,0.493,0.485,28199307,1378595379.0,1.61,-2.02,-0.01,3.63
2024-06-25,0.492,0.486,0.495,0.485,33092303,1625057123.0,2.06,0.0,0.0,4.26
2024-06-26,0.486,0.494,0.496,0.486,37554443,1844667198.0,2.06,1.65,0.008,4.83
2024-06-27,0.489,0.481,0.491,0.479,35092228,1699115438.0,2.43,-2.63,-0.013,4.52
2024-06-28,0.476,0.477,0.484,0.475,34617488,1658937117.0,1.87,-0.83,-0.004,4.46
2024-07-01,0.474,0.476,0.476,0.471,15853416,750571560.0,1.05,-0.21,-0.001,2.04
2024-07-02,0.475,0.474,0.482,0.472,36194482,1726025878.0,2.1,-0.42,-0.002,4.66
2024-07-03,0.477,0.484,0.486,0.476,40864308,1967139872.0,2.11,2.11,0.01,5.26
2024-07-04,0.492,0.488,0.496,0.486,34360880,1684111287.0,2.07,0.83,0.004,4.42
2024-07-05,0.487,0.483,0.49,0.479,28278486,1366329878.0,2.25,-1.02,-0.005,3.64
2024-07-08,0.481,0.475,0.484,0.474,27584646,1319233220.0,2.07,-1.66,-0.008,3.55
2024-07-09,0.476,0.483,0.485,0.473,37614894,1801631687.0,2.53,1.68,0.008,4.84
2024-07-10,0.486,0.483,0.492,0.482,35574722,1733069593.0,2.07,0.0,0.0,4.58
2024-07-11,0.487,0.494,0.495,0.486,34279437,1680937006.0,1.86,2.28,0.011,4.41
2024-07-12,0.5,0.505,0.505,0.498,30565397,1533394458.0,1.42,2.23,0.011,3.93
2024-07-15,0.5,0.493,0.501,0.492,25578226,1268037803.0,1.78,-2.38,-0.012,3.29
2024-07-16,0.488,0.489,0.49,0.484,28849086,1404969182.0,1.22,-0.81,-0.004,3.71
2024-07-17,0.49,0.49,0.494,0.486,34707553,1701463846.0,1.64,0.2,0.001,4.47
2024-07-18,0.483,0.487,0.488,0.48,43913384,2127072716.0,1.63,-0.61,-0.003,5.65
2024-07-19,0.48,0.479,0.482,0.477,49280741,2357275205.0,1.03,-1.64,-0.008,6.34
2024-07-22,0.479,0.485,0.487,0.476,40503025,1948481916.0,2.3,1.25,0.006,5.21
2024-07-23,0.488,0.477,0.489,0.476,29617512,1425459158.0,2.68,-1.65,-0.008,3.81
2024-07-24,0.476,0.469,0.48,0.468,29818386,1412051497.0,2.52,-1.68,-0.008,3.84
2024-07-25,0.467,0.46,0.468,0.459,37614779,1738416361.0,1.92,-1.92,-0.009,4.84
2024-07-26,0.463,0.464,0.467,0.459,36659681,1698384738.0,1.74,0.87,0.004,4.72
2024-07-29,0.469,0.468,0.471,0.464,29880632,1398065447.0,1.51,0.86,0.004,3.85
2024-07-30,0.465,0.46,0.466,0.457,31613702,1455541641.0,1.92,-1.71,-0.008,4.07
2024-07-31,0.459,0.473,0.474,0.458,44697591,2088363677.0,3.48,2.83,0.013,5.75
2024-08-01,0.47,0.468,0.471,0.465,32673230,1528923959.0,1.27,-1.06,-0.005,4.21
2024-08-02,0.459,0.454,0.462,0.451,45048867,2054990048.0,2.35,-2.99,-0.014,5.8
2024-08-05,0.447,0.446,0.461,0.441,68429319,3084565918.0,4.41,-1.76,-0.008,8.81
2024-08-06,0.455,0.451,0.459,0.447,47342667,2139764238.0,2.69,1.12,0.005,6.09
2024-08-07,0.453,0.455,0.459,0.45,37954302,1728734044.0,2.0,0.89,0.004,4.89
2024-08-08,0.45,0.455,0.46,0.446,42414540,1924002480.0,3.08,0.0,0.0,5.46
2024-08-09,0.462,0.461,0.467,0.46,35735892,1654156301.0,1.54,1.32,0.006,4.6
2024-08-12,0.461,0.461,0.463,0.456,27765840,1275056004.0,1.52,0.0,0.0,3.57
2024-08-13,0.461,0.461,0.464,0.457,32722298,1505872558.0,1.52,0.0,0.0,4.21
2024-08-14,0.463,0.454,0.464,0.454,26032981,1192574275.0,2.17,-1.52,-0.007,3.35
2024-08-15,0.452,0.453,0.461,0.449,42188607,1917519842.0,2.64,-0.22,-0.001,5.43
2024-08-16,0.461,0.463,0.466,0.458,35593924,1644457376.0,1.77,2.21,0.01,4.58
2024-08-19,0.47,0.472,0.478,0.469,33516990,1588694127.0,1.94,1.94,0.009,4.31
2024-08-20,0.475,0.467,0.476,0.467,21769746,1023869819.0,1.91,-1.06,-0.005,2.8
2024-08-21,0.456,0.46,0.461,0.453,30141141,1378511414.0,1.71,-1.5,-0.007,3.88
2024-08-22,0.466,0.467,0.468,0.46,27817020,1290783827.0,1.74,1.52,0.007,3.58
2024-08-23,0.462,0.464,0.465,0.46,20458038,946026513.0,1.07,-0.64,-0.003,2.63
2024-08-26,0.467,0.468,0.471,0.465,21647732,1012741117.0,1.29,0.86,0.004,2.79
2024-08-27,0.462,0.466,0.467,0.46,22537967,1045247760.0,1.5,-0.43,-0.002,2.9
2024-08-28,0.465,0.461,0.466,0.458,26089782,1202693103.0,1.72,-1.07,-0.005,3.36
2024-08-29,0.454,0.461,0.462,0.451,36758745,1675746000.0,2.39,0.0,0.0,4.73
2024-08-30,0.463,0.476,0.482,0.461,53521072,2529566286.0,4.56,3.25,0.015,6.89
2024-09-02,0.471,0.464,0.472,0.463,35433651,1655126694.0,1.89,-2.52,-0.012,4.56
2024-09-03,0.465,0.466,0.472,0.463,32006401,1497011629.0,1.94,0.43,0.002,4.12
2024-09-04,0.462,0.463,0.467,0.459,24021910,1112126770.0,1.72,-0.64,-0.003,3.09
2024-09-05,0.464,0.464,0.468,0.461,24832607,1152726376.0,1.51,0.22,0.001,3.2
2024-09-06,0.465,0.46,0.466,0.459,11055774,512145168.0,1.51,-0.86,-0.004,1.42
2024-09-09,0.459,0.456,0.461,0.455,22992153,1052259750.0,1.3,-0.87,-0.004,2.96
2024-09-10,0.46,0.462,0.464,0.455,31347304,1440907896.0,1.97,1.32,0.006,4.04
2024-09-11,0.46,0.461,0.462,0.457,25929174,1190927550.0,1.08,-0.22,-0.001,3.34
2024-09-12,0.465,0.465,0.469,0.464,32109202,1499636748.0,1.08,0.87,0.004,4.13
2024-09-13,0.466,0.465,0.471,0.463,23407050,1093154055.0,1.72,0.0,0.0,3.01
2024-09-18,0.471,0.472,0.473,0.468,15705979,739369433.0,1.08,1.51,0.007,2.02
2024-09-19,0.473,0.487,0.487,0.47,54665658,2617225679.0,3.6,3.18,0.015,7.04
2024-09-20,0.486,0.489,0.496,0.482,47998089,2355099774.0,2.87,0.41,0.002,6.18
2024-09-23,0.49,0.49,0.498,0.489,41768466,2061306740.0,1.84,0.2,0.001,5.38
2024-09-24,0.502,0.515,0.516,0.497,63976599,3237707288.0,3.88,5.1,0.025,8.24
2024-09-25,0.533,0.518,0.535,0.515,72617148,3820502661.0,3.88,0.58,0.003,9.35
2024-09-26,0.525,0.553,0.553,0.522,98204917,5278247534.0,5.98,6.76,0.035,12.64
2024-09-27,0.571,0.58,0.594,0.567,55687535,3213648295.0,4.88,4.88,0.027,7.17
2024-09-30,0.61,0.638,0.638,0.599,178916614,11106722623.0,6.72,10.0,0.058,23.03
2024-10-08,0.702,0.65,0.702,0.615,309880329,20389014720.0,13.64,1.88,0.012,39.89
2024-10-09,0.645,0.614,0.652,0.606,272018023,17110443531.0,7.08,-5.54,-0.036,35.02
2024-10-10,0.631,0.628,0.644,0.621,151583846,9587611267.0,3.75,2.28,0.014,19.51
2024-10-11,0.626,0.606,0.627,0.6,60791070,3728514466.0,4.3,-3.5,-0.022,7.83
2024-10-14,0.616,0.62,0.625,0.6,133791898,8210792995.0,4.13,2.31,0.014,17.22
2024-10-15,0.618,0.593,0.624,0.592,113491616,6943231785.0,5.16,-4.35,-0.027,14.61
2024-10-16,0.585,0.591,0.6,0.584,107407988,6359760730.0,2.7,-0.34,-0.002,13.83
2024-10-17,0.598,0.586,0.608,0.586,100387175,5995227936.0,3.72,-0.85,-0.005,12.92
2024-10-18,0.584,0.612,0.626,0.581,206285220,12421282083.0,7.68,4.44,0.026,26.55
2024-10-21,0.614,0.602,0.62,0.601,140903652,8599542602.0,3.1,-1.63,-0.01,18.14
2024-10-22,0.605,0.607,0.612,0.602,113563840,6894176255.0,1.66,0.83,0.005,14.62
2024-10-23,0.609,0.616,0.626,0.606,111844400,6902093543.0,3.29,1.48,0.009,14.4
2024-10-24,0.61,0.603,0.613,0.601,66536717,4035810301.0,1.95,-2.11,-0.013,8.57
2024-10-25,0.604,0.606,0.616,0.603,93427131,5689266370.0,2.16,0.5,0.003,12.03
2024-10-28,0.61,0.614,0.616,0.606,58892625,3607643205.0,1.65,1.32,0.008,7.58
2024-10-29,0.624,0.618,0.629,0.617,67434437,4200782937.0,1.95,0.65,0.004,8.68
2024-10-30,0.613,0.606,0.618,0.603,63409749,3867450409.0,2.43,-1.94,-0.012,8.16
2024-10-31,0.608,0.605,0.613,0.603,68696454,4175021495.0,1.65,-0.17,-0.001,8.84
2024-11-01,0.604,0.598,0.608,0.596,71762975,4312867256.0,1.98,-1.16,-0.007,9.24
2024-11-04,0.602,0.604,0.608,0.6,42388677,2560462502.0,1.34,1.0,0.006,5.46
2024-11-05,0.601,0.62,0.622,0.6,87783652,5383563851.0,3.64,2.65,0.016,11.3
2024-11-06,0.62,0.612,0.624,0.606,115521452,7105167772.0,2.9,-1.29,-0.008,14.87
2024-11-07,0.61,0.627,0.627,0.607,121324573,7513362017.0,3.27,2.45,0.015,15.62
2024-11-08,0.642,0.63,0.648,0.628,112000898,7122969043.0,3.19,0.48,0.003,14.42
2024-11-11,0.614,0.627,0.63,0.611,87852006,5447157686.0,3.02,-0.48,-0.003,11.31
2024-11-12,0.626,0.607,0.634,0.605,100152429,6195928150.0,4.63,-3.19,-0.02,12.89
2024-11-13,0.6,0.6,0.602,0.593,90176271,5389529124.0,1.48,-1.15,-0.007,11.61
2024-11-14,0.596,0.585,0.605,0.583,80136375,4767905317.0,3.67,-2.5,-0.015,10.32
2024-11-15,0.587,0.585,0.595,0.582,80316598,4734363434.0,2.22,0.0,0.0,10.34
2024-11-18,0.593,0.587,0.595,0.584,61166036,3605712959.0,1.88,0.34,0.002,7.87
2024-11-19,0.592,0.593,0.596,0.586,59154611,3500604370.0,1.7,1.02,0.006,7.61
2024-11-20,0.591,0.595,0.598,0.59,50766180,3011845209.0,1.35,0.34,0.002,6.53
2024-11-21,0.594,0.59,0.596,0.588,46730818,2767604984.0,1.34,-0.84,-0.005,6.02
2024-11-22,0.59,0.573,0.594,0.572,69838863,4079373936.0,3.73,-2.88,-0.017,8.99
2024-11-25,0.578,0.57,0.578,0.566,58375825,3335447142.0,2.09,-0.52,-0.003,7.51
2024-11-26,0.569,0.57,0.575,0.568,46881307,2681700436.0,1.23,0.0,0.0,6.03
2024-11-27,0.57,0.584,0.585,0.566,60212094,3457588766.0,3.33,2.46,0.014,7.75
2024-11-28,0.588,0.58,0.589,0.579,50846578,2966403022.0,1.71,-0.68,-0.004,6.55
2024-11-29,0.582,0.584,0.596,0.58,73368628,4304539595.0,2.76,0.69,0.004,9.44
2024-12-02,0.586,0.593,0.597,0.585,56472079,3340889662.0,2.05,1.54,0.009,7.27
2024-12-03,0.596,0.594,0.598,0.587,52116741,3092744649.0,1.85,0.17,0.001,6.71
2024-12-04,0.595,0.593,0.599,0.591,52285720,3110717568.0,1.35,-0.17,-0.001,6.73
2024-12-05,0.588,0.589,0.591,0.586,26138546,1538381563.0,0.84,-0.67,-0.004,3.36
2024-12-06,0.591,0.6,0.602,0.587,59424137,3538333945.0,2.55,1.87,0.011,7.65
2024-12-09,0.597,0.6,0.605,0.595,40565216,2431803989.0,1.67,0.0,0.0,5.22
2024-12-10,0.644,0.62,0.648,0.618,126524838,7988171872.0,5.0,3.33,0.02,16.29
2024-12-11,0.621,0.612,0.624,0.609,53932544,3330931891.0,2.42,-1.29,-0.008,6.94
2024-12-12,0.613,0.625,0.627,0.609,73802919,4565589857.0,2.94,2.12,0.013,9.5
2024-12-13,0.615,0.606,0.617,0.605,64230331,3915898877.0,1.92,-3.04,-0.019,8.27
2024-12-16,0.605,0.595,0.608,0.593,48700521,2921493477.0,2.48,-1.82,-0.011,6.27
2024-12-17,0.593,0.594,0.604,0.589,68304078,4065990718.0,2.52,-0.17,-0.001,8.79
2024-12-18,0.601,0.603,0.606,0.598,39994332,2405000363.0,1.35,1.52,0.009,5.15
2024-12-19,0.595,0.602,0.602,0.593,48077388,2868446434.0,1.49,-0.17,-0.001,6.19
2024-12-20,0.599,0.602,0.606,0.598,48507394,2918025089.0,1.33,0.0,0.0,6.24
2024-12-23,0.604,0.601,0.606,0.598,39082797,2350804031.0,1.33,-0.17,-0.001,5.03
2024-12-24,0.602,0.609,0.61,0.601,36547255,2214764287.0,1.5,1.33,0.008,4.7
2024-12-25,0.609,0.609,0.611,0.607,10697112,651551932.0,0.66,0.0,0.0,1.38
2024-12-26,0.609,0.608,0.61,0.607,8638159,525191720.0,0.49,-0.16,-0.001,1.11
2024-12-27,0.61,0.611,0.617,0.609,40266422,2466011943.0,1.32,0.49,0.003,5.18
2024-12-30,0.613,0.609,0.614,0.605,33241717,2024395136.0,1.47,-0.33,-0.002,4.28
2024-12-31,0.605,0.596,0.608,0.595,39293584,2369211056.0,2.13,-2.13,-0.013,5.06
2025-01-02,0.597,0.588,0.599,0.585,47528750,2814295366.0,2.35,-1.34,-0.008,6.12
2025-01-03,0.59,0.589,0.599,0.585,54529149,3229770596.0,2.38,0.17,0.001,7.02
2025-01-06,0.595,0.591,0.599,0.59,39864737,2370796856.0,1.53,0.34,0.002,5.13
2025-01-07,0.588,0.583,0.594,0.577,55461019,3239678861.0,2.88,-1.35,-0.008,7.14
2025-01-08,0.587,0.58,0.589,0.574,50039208,2911030604.0,2.57,-0.51,-0.003,6.44
2025-01-09,0.58,0.582,0.588,0.579,47137324,2750191200.0,1.55,0.34,0.002,6.07
2025-01-10,0.584,0.575,0.588,0.574,40417758,2349105996.0,2.41,-1.2,-0.007,5.2
2025-01-13,0.57,0.567,0.571,0.562,39913765,2263420367.0,1.57,-1.39,-0.008,5.14
2025-01-14,0.57,0.588,0.591,0.569,73520554,4270081940.0,3.88,3.7,0.021,9.46
2025-01-15,0.584,0.586,0.59,0.581,43781616,2559354823.0,1.53,-0.34,-0.002,5.64
2025-01-16,0.593,0.594,0.604,0.587,65316232,3886678511.0,2.9,1.37,0.008,8.41
2025-01-17,0.593,0.601,0.602,0.59,44803746,2675737017.0,2.02,1.18,0.007,5.77
2025-01-20,0.61,0.616,0.623,0.61,58633529,3614114383.0,2.16,2.5,0.015,7.55
2025-01-21,0.622,0.629,0.632,0.617,62477424,3901954987.0,2.44,2.11,0.013,8.04
2025-01-22,0.623,0.612,0.626,0.611,38944900,2401145485.0,2.38,-2.7,-0.017,5.01
2025-01-23,0.618,0.603,0.624,0.603,63076040,3873865250.0,3.43,-1.47,-0.009,8.12
2025-01-24,0.607,0.622,0.624,0.606,66654205,4114868276.0,2.99,3.15,0.019,8.58
2025-01-27,0.629,0.629,0.635,0.627,43020208,2713359334.0,1.29,1.13,0.007,5.54
2025-02-05,0.662,0.658,0.666,0.65,75718898,4979432998.0,2.54,4.61,0.029,9.75
2025-02-06,0.659,0.675,0.675,0.657,56254028,3747309170.0,2.74,2.58,0.017,7.24
2025-02-07,0.676,0.689,0.697,0.675,77135803,5299239385.0,3.26,2.07,0.014,9.93
2025-02-10,0.694,0.706,0.708,0.694,72196160,5065628588.0,2.03,2.47,0.017,9.29
2025-02-11,0.71,0.692,0.711,0.69,64178401,4479864219.0,2.97,-1.98,-0.014,8.26
2025-02-12,0.696,0.702,0.705,0.69,73564527,5142293990.0,2.17,1.45,0.01,9.47
2025-02-13,0.709,0.713,0.735,0.708,85280028,6137194193.0,3.85,1.57,0.011,10.98
2025-02-14,0.709,0.73,0.73,0.709,93672671,6737080935.0,2.95,2.38,0.017,12.06
2025-02-17,0.747,0.738,0.757,0.722,112658332,8336598787.0,4.79,1.1,0.008,14.5
2025-02-18,0.74,0.749,0.764,0.737,98184279,7368299356.0,3.66,1.49,0.011,12.64
2025-02-19,0.745,0.761,0.762,0.74,66611774,5030851769.0,2.94,1.6,0.012,8.57
2025-02-20,0.753,0.741,0.759,0.734,76974934,5730716275.0,3.29,-2.63,-0.02,9.91
2025-02-21,0.757,0.78,0.781,0.75,103887977,7967162476.0,4.18,5.26,0.039,13.37
2025-02-24,0.78,0.783,0.793,0.77,95714269,7484632199.0,2.95,0.38,0.003,12.32
2025-02-25,0.752,0.764,0.781,0.747,97817797,7505722258.0,4.34,-2.43,-0.019,12.59
2025-02-26,0.775,0.804,0.805,0.773,95759992,7582939997.0,4.19,5.24,0.04,12.33
2025-02-27,0.804,0.797,0.818,0.775,146995115,11702059248.0,5.35,-0.87,-0.007,18.92
2025-02-28,0.792,0.744,0.792,0.744,127666855,9750803405.0,6.02,-6.65,-0.053,16.43
2025-03-03,0.755,0.739,0.765,0.734,114853810,8637347008.0,4.17,-0.67,-0.005,14.78
2025-03-04,0.725,0.746,0.751,0.72,108941514,8021355200.0,4.19,0.95,0.007,14.02
2025-03-05,0.753,0.769,0.77,0.748,104087422,7896808671.0,2.95,3.08,0.023,13.4
2025-03-06,0.792,0.81,0.815,0.791,101532528,8165309949.0,3.12,5.33,0.041,13.07
2025-03-07,0.805,0.807,0.832,0.799,135274595,11021516855.0,4.07,-0.37,-0.003,17.41
2025-03-10,0.807,0.793,0.816,0.785,99668458,7959997621.0,3.84,-1.73,-0.014,12.83
2025-03-11,0.776,0.795,0.802,0.771,116063176,9165030307.0,3.91,0.25,0.002,14.94
2025-03-12,0.812,0.785,0.814,0.784,104740037,8378544885.0,3.77,-1.26,-0.01,13.48
2025-03-13,0.791,0.77,0.792,0.761,92605913,7172320113.0,3.95,-1.91,-0.015,11.92
2025-03-14,0.782,0.791,0.795,0.77,101117484,7934204179.0,3.25,2.73,0.021,13.02
2025-03-17,0.796,0.791,0.797,0.782,69853227,5522036877.0,1.9,0.0,0.0,8.99
2025-03-18,0.808,0.816,0.816,0.804,71171781,5765842770.0,1.52,3.16,0.025,9.16
2025-03-19,0.813,0.812,0.819,0.803,61211535,4963316732.0,1.96,-0.49,-0.004,7.88
2025-03-20,0.807,0.786,0.807,0.785,71815399,5716458626.0,2.71,-3.2,-0.026,9.24
2025-03-21,0.781,0.761,0.788,0.756,85726137,6609030486.0,4.07,-3.18,-0.025,11.04
2025-03-24,0.762,0.763,0.765,0.753,63458662,4816166036.0,1.58,0.26,0.002,8.17
2025-03-25,0.757,0.742,0.763,0.742,61668439,4627956966.0,2.75,-2.75,-0.021,7.94
2025-03-26,0.747,0.749,0.756,0.745,62988664,4721109889.0,1.48,0.94,0.007,8.11
2025-03-27,0.752,0.755,0.767,0.741,84396151,6378834531.0,3.47,0.8,0.006,10.86
2025-03-28,0.758,0.739,0.76,0.734,83889608,6254032727.0,3.44,-2.12,-0.016,10.8
2025-03-31,0.733,0.725,0.736,0.718,72210823,5240276856.0,2.44,-1.89,-0.014,9.3
2025-04-01,0.732,0.732,0.741,0.726,87170127,6385709042.0,2.07,0.97,0.007,11.22
2025-04-02,0.727,0.73,0.741,0.722,75525335,5525084445.0,2.6,-0.27,-0.002,9.72
2025-04-03,0.716,0.714,0.726,0.711,88606103,6363193044.0,2.05,-2.19,-0.016,11.41
2025-04-07,0.661,0.643,0.663,0.643,71782030,4671720635.0,2.8,-9.94,-0.071,9.24
2025-04-08,0.641,0.621,0.652,0.605,159826550,9990194801.0,7.31,-3.42,-0.022,20.57
2025-04-09,0.601,0.636,0.645,0.592,249886694,15639485895.0,8.53,2.42,0.015,32.17
2025-04-10,0.668,0.661,0.688,0.658,207611564,13927621938.0,4.72,3.93,0.025,26.73
2025-04-11,0.656,0.674,0.683,0.65,174379350,11663732400.0,4.99,1.97,0.013,22.45
2025-04-14,0.691,0.682,0.694,0.68,104866942,7204606154.0,2.08,1.19,0.008,13.5
2025-04-15,0.688,0.678,0.691,0.674,76998783,5238521624.0,2.49,-0.59,-0.004,9.91
2025-04-16,0.672,0.658,0.674,0.651,89242690,5894384185.0,3.39,-2.95,-0.02,11.49
2025-04-17,0.656,0.665,0.672,0.654,91524843,6089542439.0,2.74,1.06,0.007,11.78
2025-04-18,0.662,0.66,0.663,0.658,20998026,1385643814.0,0.75,-0.75,-0.005,2.7
2025-04-21,0.66,0.667,0.668,0.658,29976148,1987673405.0,1.52,1.06,0.007,3.86
2025-04-22,0.667,0.669,0.673,0.657,91042971,6059536742.0,2.4,0.3,0.002,11.72
2025-04-23,0.692,0.689,0.695,0.681,86988825,5978412989.0,2.09,2.99,0.02,11.2
2025-04-24,0.689,0.676,0.692,0.673,70583157,4808847204.0,2.76,-1.89,-0.013,9.09
2025-04-25,0.685,0.684,0.694,0.681,77275586,5309201434.0,1.92,1.18,0.008,9.95
2025-04-28,0.683,0.684,0.685,0.676,45085942,3072255312.0,1.32,0.0,0.0,5.8
2025-04-29,0.683,0.683,0.692,0.68,50763450,3481821962.0,1.75,-0.15,-0.001,6.53
2025-04-30,0.684,0.69,0.692,0.681,62160538,4270368802.0,1.61,1.02,0.007,8.0
2025-05-06,0.706,0.711,0.711,0.701,62944249,4446662140.0,1.45,3.04,0.021,8.1
2025-05-07,0.726,0.708,0.73,0.705,84007212,6016900558.0,3.52,-0.42,-0.003,10.81
2025-05-08,0.703,0.707,0.716,0.701,65657843,4656229200.0,2.12,-0.14,-0.001,8.45
2025-05-09,0.706,0.697,0.707,0.694,53767998,3762903849.0,1.84,-1.41,-0.01,6.92
2025-05-12,0.715,0.715,0.717,0.704,75973966,5406877942.0,1.87,2.58,0.018,9.78
2025-05-13,0.724,0.709,0.724,0.707,63403234,4530550761.0,2.38,-0.84,-0.006,8.16
2025-05-14,0.715,0.721,0.724,0.713,69105001,4964367654.0,1.55,1.69,0.012,8.9
2025-05-15,0.718,0.71,0.724,0.708,59416629,4251660864.0,2.22,-1.53,-0.011,7.65
2025-05-16,0.705,0.707,0.71,0.703,42838337,3026344096.0,0.99,-0.42,-0.003,5.51
2025-05-19,0.702,0.704,0.708,0.692,50451559,3529463633.0,2.26,-0.42,-0.003,6.49
2025-05-20,0.706,0.712,0.715,0.703,53337010,3791532668.0,1.7,1.14,0.008,6.87
2025-05-21,0.712,0.713,0.718,0.712,41968838,3000453159.0,0.84,0.14,0.001,5.4
2025-05-22,0.711,0.702,0.714,0.701,40634197,2878490336.0,1.82,-1.54,-0.011,5.23
2025-05-23,0.704,0.697,0.709,0.697,51562372,3628346269.0,1.71,-0.71,-0.005,6.64
2025-05-26,0.697,0.687,0.698,0.684,43907104,3031983207.0,2.01,-1.43,-0.01,5.65
2025-05-27,0.684,0.689,0.691,0.68,49319274,3385226378.0,1.6,0.29,0.002,6.35
2025-05-28,0.693,0.688,0.695,0.686,34795099,2403371243.0,1.31,-0.15,-0.001,4.48
2025-05-29,0.692,0.705,0.708,0.69,69973754,4891251528.0,2.62,2.47,0.017,9.01
2025-05-30,0.697,0.688,0.698,0.686,47444375,3276106035.0,1.7,-2.41,-0.017,6.11
2025-06-03,0.689,0.69,0.695,0.688,38925255,2688913105.0,1.02,0.29,0.002,5.01
2025-06-04,0.689,0.694,0.699,0.688,47687368,3314823180.0,1.59,0.58,0.004,6.14
2025-06-05,0.701,0.705,0.707,0.698,51518356,3621733688.0,1.3,1.59,0.011,6.63
2025-06-06,0.707,0.704,0.708,0.701,31578903,2222162352.0,0.99,-0.14,-0.001,4.07
2025-06-09,0.709,0.721,0.726,0.709,59526008,4280525358.0,2.41,2.41,0.017,7.66
2025-06-10,0.723,0.716,0.725,0.711,48746550,3500467224.0,1.94,-0.69,-0.005,6.27
2025-06-11,0.719,0.728,0.731,0.719,44689523,3242530274.0,1.68,1.68,0.012,5.75
2025-06-12,0.719,0.714,0.721,0.712,48948638,3507347500.0,1.24,-1.92,-0.014,6.3
2025-06-13,0.706,0.696,0.708,0.693,62591227,4376290916.0,2.1,-2.52,-0.018,8.06
2025-06-16,0.694,0.704,0.704,0.692,38025736,2662428183.0,1.72,1.15,0.008,4.89
2025-06-17,0.707,0.704,0.711,0.701,41187300,2907546684.0,1.42,0.0,0.0,5.3
2025-06-18,0.702,0.695,0.702,0.693,34145085,2377517168.0,1.28,-1.28,-0.009,4.4
2025-06-19,0.692,0.678,0.695,0.677,50166516,3434482628.0,2.59,-2.45,-0.017,6.46
2025-06-20,0.681,0.679,0.684,0.678,33612026,2289324996.0,0.88,0.15,0.001,4.33
2025-06-23,0.676,0.69,0.691,0.673,48506182,3318436040.0,2.65,1.62,0.011,6.24
2025-06-24,0.696,0.706,0.708,0.695,56082964,3943661081.0,1.88,2.32,0.016,7.22
2025-06-25,0.71,0.715,0.715,0.707,46994044,3341469486.0,1.13,1.27,0.009,6.05
2025-06-26,0.709,0.708,0.713,0.705,47500518,3369527892.0,1.12,-0.98,-0.007,6.11
2025-06-27,0.712,0.71,0.716,0.708,44986985,3200728957.0,1.13,0.28,0.002,5.79
2025-06-30,0.711,0.71,0.714,0.708,34225134,2431888943.0,0.85,0.0,0.0,4.41
2025-07-01,0.709,0.707,0.709,0.707,9877827,698950940.0,0.28,-0.42,-0.003,1.27
2025-07-02,0.712,0.703,0.713,0.699,42265165,2972418180.0,1.98,-0.57,-0.004,5.44
2025-07-03,0.703,0.696,0.703,0.69,45453106,3158408535.0,1.85,-1.0,-0.007,5.85
2025-07-04,0.692,0.692,0.701,0.684,71918326,4974204850.0,2.44,-0.57,-0.004,9.26
2025-07-07,0.689,0.693,0.697,0.686,41425419,2866989958.0,1.59,0.14,0.001,5.33
2025-07-08,0.697,0.704,0.707,0.696,52115132,3657011289.0,1.59,1.59,0.011,6.71
2025-07-09,0.704,0.697,0.705,0.695,41774998,2923928859.0,1.42,-0.99,-0.007,5.38
2025-07-10,0.694,0.695,0.698,0.691,46267044,3211128709.0,1.0,-0.29,-0.002,5.96
2025-07-11,0.694,0.702,0.708,0.693,70453427,4956920263.0,2.16,1.01,0.007,9.07
2025-07-14,0.698,0.701,0.703,0.695,36971731,2584918562.0,1.14,-0.14,-0.001,4.76
2025-07-15,0.704,0.714,0.718,0.701,93998439,6677293486.0,2.43,1.85,0.013,12.1
2025-07-16,0.724,0.724,0.735,0.721,83911192,6111029519.0,1.96,1.4,0.01,10.8
2025-07-17,0.72,0.726,0.728,0.718,48610056,3515137824.0,1.38,0.28,0.002,6.26
2025-07-18,0.735,0.733,0.738,0.728,49680304,3645413464.0,1.38,0.96,0.007,6.4
2025-07-21,0.744,0.742,0.745,0.736,44823377,3322525081.0,1.23,1.23,0.009,5.77
2025-07-22,0.742,0.743,0.746,0.738,40583953,3009420512.0,1.08,0.13,0.001,5.22
2025-07-23,0.751,0.761,0.764,0.746,63855348,4827601378.0,2.42,2.42,0.018,8.22
2025-07-24,0.759,0.763,0.769,0.758,54003030,4120906757.0,1.45,0.26,0.002,6.95
2025-07-25,0.758,0.753,0.758,0.749,53526315,4029834879.0,1.18,-1.31,-0.01,6.89
2025-07-28,0.757,0.753,0.758,0.75,45550575,3434143109.0,1.06,0.0,0.0,5.86
2025-07-29,0.749,0.747,0.749,0.739,51279230,3811313586.0,1.33,-0.8,-0.006,6.6
2025-07-30,0.739,0.734,0.745,0.729,77069521,5679989349.0,2.14,-1.74,-0.013,9.92
2025-07-31,0.729,0.729,0.736,0.725,82372822,6014071003.0,1.5,-0.68,-0.005,10.6
2025-08-01,0.729,0.728,0.734,0.724,59533791,4341048552.0,1.37,-0.14,-0.001,7.66
2025-08-04,0.718,0.731,0.731,0.715,60030064,4340891777.0,2.2,0.41,0.003,7.73
2025-08-05,0.731,0.734,0.735,0.729,49305421,3610195415.0,0.82,0.41,0.003,6.35
2025-08-06,0.733,0.736,0.738,0.73,40895121,3002084721.0,1.09,0.27,0.002,5.26
2025-08-07,0.738,0.738,0.74,0.73,52821752,3888089385.0,1.36,0.27,0.002,6.8
2025-08-08,0.733,0.726,0.733,0.725,41473758,3025920107.0,1.08,-1.63,-0.012,5.34
2025-08-11,0.729,0.726,0.729,0.722,44532415,3233674601.0,0.96,0.0,0.0,5.73
2025-08-12,0.724,0.724,0.727,0.72,51384726,3719569364.0,0.96,-0.28,-0.002,6.61
2025-08-13,0.731,0.745,0.746,0.73,72903300,5380478590.0,2.21,2.9,0.021,9.38
2025-08-14,0.752,0.741,0.754,0.739,69790615,5212146071.0,2.01,-0.54,-0.004,8.98
2025-08-15,0.734,0.741,0.741,0.733,62859620,4633990904.0,1.08,0.0,0.0,8.09
2025-08-18,0.744,0.749,0.756,0.744,80110922,6008608600.0,1.62,1.08,0.008,10.31
2025-08-19,0.748,0.744,0.749,0.74,65280313,4860364222.0,1.2,-0.67,-0.005,8.4
2025-08-20,0.738,0.743,0.743,0.732,65186055,4803821502.0,1.48,-0.13,-0.001,8.39
2025-08-21,0.74,0.733,0.741,0.731,54680473,4027643390.0,1.35,-1.35,-0.01,7.04
2025-08-22,0.741,0.749,0.751,0.738,89148875,6644805967.0,1.77,2.18,0.016,11.48
2025-08-25,0.766,0.779,0.78,0.765,116374743,8996980246.0,2.0,4.01,0.03,14.98
2025-08-26,0.771,0.773,0.781,0.768,81231910,6295365872.0,1.67,-0.77,-0.006,10.46
2025-08-27,0.776,0.762,0.783,0.76,105314911,8151531637.0,2.98,-1.42,-0.011,13.56
2025-08-28,0.755,0.755,0.757,0.744,109864298,8263026238.0,1.71,-0.92,-0.007,14.14
2025-08-29,0.759,0.76,0.763,0.75,87646485,6631023336.0,1.72,0.66,0.005,11.28
2025-09-01,0.772,0.77,0.775,0.765,83041913,6394548835.0,1.32,1.32,0.01,10.69
2025-09-02,0.771,0.763,0.772,0.758,76644291,5865083311.0,1.82,-0.91,-0.007,9.87
2025-09-03,0.768,0.754,0.77,0.753,77035329,5862707814.0,2.23,-1.18,-0.009,9.92
2025-09-04,0.76,0.742,0.762,0.739,82399042,6170149347.0,3.05,-1.59,-0.012,10.61
2025-09-05,0.745,0.758,0.759,0.743,68834110,5167772883.0,2.16,2.16,0.016,8.86
2025-09-08,0.759,0.767,0.768,0.755,61431227,4668384720.0,1.72,1.19,0.009,7.91
2025-09-09,0.77,0.771,0.78,0.767,81902305,6332980379.0,1.69,0.52,0.004,10.54
2025-09-10,0.779,0.784,0.792,0.778,84324980,6630869967.0,1.82,1.69,0.013,10.85
2025-09-11,0.777,0.788,0.788,0.771,90746812,7076248540.0,2.17,0.51,0.004,11.68
2025-09-12,0.798,0.795,0.803,0.795,70958785,5669118904.0,1.02,0.89,0.007,9.13
2025-09-15,0.796,0.801,0.809,0.795,60352671,4849013320.0,1.76,0.75,0.006,7.77
2025-09-16,0.806,0.811,0.813,0.799,69063692,5570544371.0,1.75,1.25,0.01,8.89
2025-09-17,0.815,0.843,0.844,0.814,103667172,8613697354.0,3.7,3.95,0.032,13.34
2025-09-18,0.843,0.829,0.858,0.819,167696324,14110879641.0,4.63,-1.66,-0.014,21.59
2025-09-19,0.835,0.832,0.846,0.827,99549269,8320475104.0,2.29,0.36,0.003,12.81
2025-09-22,0.831,0.833,0.836,0.825,87711789,7281696469.0,1.32,0.12,0.001,11.29
2025-09-23,0.834,0.818,0.835,0.81,95294165,7800028641.0,3.0,-1.8,-0.015,12.27
2025-09-24,0.814,0.838,0.84,0.812,86896865,7203257716.0,3.42,2.44,0.02,11.19
2025-09-25,0.838,0.848,0.857,0.838,87556173,7420434842.0,2.27,1.19,0.01,11.27
2025-09-26,0.839,0.835,0.846,0.834,63184139,5308326382.0,1.42,-1.53,-0.013,8.13
2025-09-29,0.83,0.841,0.842,0.829,71239513,5959414508.0,1.56,0.72,0.006,9.17
2025-09-30,0.843,0.858,0.858,0.842,76030691,6453599647.0,1.9,2.02,0.017,9.79
2025-10-09,0.867,0.86,0.878,0.853,108577668,9404959893.0,2.91,0.23,0.002,13.98
2025-10-10,0.85,0.833,0.85,0.83,78242841,6576844293.0,2.33,-3.14,-0.027,10.07
2025-10-13,0.809,0.812,0.824,0.797,126721266,10267434035.0,3.24,-2.52,-0.021,16.31
2025-10-14,0.821,0.79,0.825,0.786,125289138,10087840364.0,4.8,-2.71,-0.022,16.13
2025-10-15,0.799,0.807,0.808,0.791,92182474,7378842789.0,2.15,2.15,0.017,11.87
2025-10-16,0.804,0.796,0.809,0.791,79646972,6369782160.0,2.23,-1.36,-0.011,10.25
2025-10-17,0.797,0.77,0.798,0.769,93592252,7305143500.0,3.64,-3.27,-0.026,12.05
2025-10-20,0.792,0.788,0.796,0.783,82309631,6495179880.0,1.69,2.34,0.018,10.6
2025-10-21,0.8,0.805,0.812,0.797,65908148,5310132863.0,1.9,2.16,0.017,8.48
2025-10-22,0.794,0.789,0.795,0.782,66263265,5230466869.0,1.61,-1.99,-0.016,8.53
2025-10-23,0.783,0.795,0.797,0.775,93028845,7293620906.0,2.79,0.76,0.006,11.98
2025-10-24,0.803,0.803,0.806,0.798,67929710,5446770545.0,1.01,1.01,0.008,8.74
2025-10-27,0.818,0.819,0.82,0.811,71150583,5808321695.0,1.12,1.99,0.016,9.16
2025-10-28,0.822,0.809,0.822,0.808,67549182,5507846970.0,1.71,-1.22,-0.01,8.7
2025-10-29,0.813,0.817,0.818,0.811,26521683,2157955767.0,0.87,0.99,0.008,3.41
2025-10-30,0.815,0.797,0.816,0.796,106212287,8559157997.0,2.45,-2.45,-0.02,13.67
2025-10-31,0.797,0.787,0.799,0.787,65281326,5172622121.0,1.51,-1.25,-0.01,8.4
2025-11-03,0.789,0.789,0.791,0.778,69001468,5419066064.0,1.65,0.25,0.002,8.88
2025-11-04,0.786,0.777,0.793,0.772,69122259,5409723490.0,2.66,-1.52,-0.012,8.9
2025-11-05,0.763,0.769,0.773,0.755,89222168,6809306075.0,2.32,-1.03,-0.008,11.49
2025-11-06,0.773,0.785,0.786,0.769,59336005,4620370274.0,2.21,2.08,0.016,7.64
2025-11-07,0.78,0.775,0.783,0.773,50812367,3948776862.0,1.27,-1.27,-0.01,6.54
2025-11-10,0.779,0.784,0.785,0.771,56248762,4376515005.0,1.81,1.16,0.009,7.24
2025-11-11,0.79,0.783,0.792,0.778,49154615,3856561149.0,1.79,-0.13,-0.001,6.33
2025-11-12,0.786,0.788,0.793,0.78,56689245,4454589126.0,1.66,0.64,0.005,7.3
2025-11-13,0.781,0.795,0.798,0.779,71236274,5589192400.0,2.41,0.89,0.007,9.17
2025-11-14,0.778,0.772,0.782,0.771,66716831,5180596295.0,1.38,-2.89,-0.023,8.59
2025-11-17,0.766,0.761,0.774,0.759,61790324,4728577996.0,1.94,-1.42,-0.011,7.95
2025-11-18,0.755,0.746,0.761,0.745,75010392,5643824564.0,2.1,-1.97,-0.015,9.66
2025-11-19,0.751,0.742,0.753,0.739,64239604,4786097517.0,1.88,-0.54,-0.004,8.27
2025-11-20,0.748,0.733,0.75,0.731,91982351,6788673506.0,2.56,-1.21,-0.009,11.84
2025-11-21,0.722,0.719,0.726,0.711,136189316,9796120809.0,2.05,-1.91,-0.014,17.53
2025-11-24,0.724,0.732,0.737,0.717,96987093,7060004689.0,2.78,1.81,0.013,12.48
2025-11-25,0.744,0.737,0.75,0.736,78862117,5865884517.0,1.91,0.68,0.005,10.15
2025-11-26,0.744,0.743,0.748,0.74,55287481,4112065703.0,1.09,0.81,0.006,7.12
2025-11-27,0.741,0.737,0.749,0.736,60221188,4469573500.0,1.75,-0.81,-0.006,7.75
2025-11-28,0.74,0.739,0.741,0.734,43163613,3186518016.0,0.95,0.27,0.002,5.56
2025-12-01,0.739,0.743,0.746,0.735,60690376,4498076215.0,1.49,0.54,0.004,7.81
2025-12-02,0.746,0.739,0.749,0.737,45006731,3343027624.0,1.62,-0.54,-0.004,5.79
2025-12-03,0.737,0.728,0.737,0.726,53133462,3882837291.0,1.49,-1.49,-0.011,6.84
2025-12-04,0.729,0.737,0.737,0.724,61381362,4487376501.0,1.79,1.24,0.009,7.9
2025-12-05,0.733,0.746,0.747,0.73,58536277,4323354590.0,2.31,1.22,0.009,7.54
2025-12-08,0.747,0.747,0.751,0.744,49778173,3719444177.0,0.94,0.13,0.001,6.41
2025-12-09,0.745,0.733,0.747,0.73,45641768,3363581889.0,2.28,-1.87,-0.014,5.88
2025-12-10,0.73,0.733,0.735,0.723,55803579,4065955784.0,1.64,0.0,0.0,7.18
2025-12-11,0.737,0.727,0.739,0.726,41917097,3066302318.0,1.77,-0.82,-0.006,5.4
2025-12-12,0.733,0.74,0.741,0.729,54068284,3976320671.0,1.65,1.79,0.013,6.96
2025-12-15,0.732,0.724,0.733,0.723,54508484,3968475857.0,1.35,-2.16,-0.016,7.02
2025-12-16,0.719,0.708,0.72,0.702,67710236,4796913576.0,2.49,-2.21,-0.016,8.72
2025-12-17,0.708,0.715,0.718,0.706,56623453,4026988574.0,1.69,0.99,0.007,7.29
2025-12-18,0.708,0.706,0.712,0.704,50170105,3548407993.0,1.12,-1.26,-0.009,6.46
2025-12-19,0.713,0.719,0.721,0.711,65559470,4699046570.0,1.42,1.84,0.013,8.44
2025-12-22,0.722,0.722,0.727,0.72,35801062,2590001197.0,0.97,0.42,0.003,4.61
2025-12-23,0.724,0.718,0.724,0.715,34079086,2453763717.0,1.25,-0.55,-0.004,4.39
2025-12-24,0.719,0.718,0.723,0.717,28105942,2023143350.0,0.84,0.0,0.0,3.62
2025-12-25,0.718,0.719,0.72,0.718,10194856,732695364.0,0.28,0.14,0.001,1.31
2025-12-26,0.719,0.724,0.724,0.719,20964467,1513541942.0,0.7,0.7,0.005,2.7
2025-12-29,0.724,0.719,0.733,0.718,58100485,4223953595.0,2.07,-0.69,-0.005,7.48
2025-12-30,0.717,0.727,0.728,0.717,44761723,3237533387.0,1.53,1.11,0.008,5.76
2025-12-31,0.724,0.718,0.726,0.717,37629601,2708213430.0,1.24,-1.24,-0.009,4.84
2026-01-05,0.742,0.745,0.748,0.737,75707147,5631179830.0,1.53,3.76,0.027,9.75
2026-01-06,0.75,0.759,0.761,0.75,84498509,6398431783.0,1.48,1.88,0.014,10.88
2026-01-07,0.755,0.745,0.755,0.741,72059250,5377250859.0,1.84,-1.84,-0.014,9.28
2026-01-08,0.743,0.738,0.744,0.734,55130813,4072798953.0,1.34,-0.94,-0.007,7.1
2026-01-09,0.742,0.74,0.745,0.736,57651462,4266593843.0,1.22,0.27,0.002,7.42
2026-01-12,0.742,0.756,0.758,0.739,81917464,6131429472.0,2.57,2.16,0.016,10.54
2026-01-13,0.772,0.757,0.776,0.755,86217101,6601423562.0,2.78,0.13,0.001,11.1
2026-01-14,0.761,0.764,0.771,0.755,124373485,9492377858.0,2.11,0.92,0.007,16.01
2026-01-15,0.758,0.754,0.765,0.75,79912773,6034206958.0,1.96,-1.31,-0.01,10.29
2026-01-16,0.76,0.751,0.763,0.75,57762689,4358742662.0,1.72,-0.4,-0.003,7.44
2026-01-19,0.746,0.744,0.751,0.743,44098289,3288849321.0,1.07,-0.93,-0.007,5.68
2026-01-20,0.743,0.735,0.745,0.732,73956375,5454793038.0,1.75,-1.21,-0.009,9.52
2026-01-21,0.729,0.74,0.74,0.729,57835704,4257626341.0,1.5,0.68,0.005,7.44
2026-01-22,0.747,0.742,0.75,0.739,47925633,3555849588.0,1.49,0.27,0.002,6.17
2026-01-23,0.749,0.747,0.751,0.743,52468476,3918561805.0,1.08,0.67,0.005,6.75
2026-01-26,0.747,0.738,0.747,0.734,54122371,3991291894.0,1.74,-1.2,-0.009,6.97
2026-01-27,0.739,0.743,0.743,0.733,54320530,4015029882.0,1.36,0.68,0.005,6.99
2026-01-28,0.745,0.757,0.758,0.743,81402414,6113668656.0,2.02,1.88,0.014,10.48
2026-01-29,0.752,0.749,0.759,0.745,94806881,7129508376.0,1.85,-1.06,-0.008,12.2
2026-01-30,0.745,0.737,0.747,0.735,55291173,4087936723.0,1.6,-1.6,-0.012,7.12
2026-02-02,0.727,0.707,0.727,0.705,100676908,7197483350.0,2.99,-4.07,-0.03,12.96
2026-02-03,0.716,0.706,0.718,0.688,119476880,8382504596.0,4.24,-0.14,-0.001,15.38
2026-02-04,0.697,0.696,0.699,0.688,84966868,5884646268.0,1.56,-1.42,-0.01,10.94
2026-02-05,0.684,0.692,0.693,0.681,90019764,6170366330.0,1.72,-0.57,-0.004,11.59
2026-02-06,0.681,0.686,0.693,0.679,94502449,6491411932.0,2.02,-0.87,-0.006,12.16
2026-02-09,0.699,0.698,0.7,0.692,71799778,4994365078.0,1.17,1.75,0.012,9.24
2026-02-10,0.699,0.698,0.705,0.696,63932809,4476677866.0,1.29,0.0,0.0,8.23
2026-02-11,0.699,0.703,0.705,0.697,58203982,4086746521.0,1.15,0.72,0.005,7.49
2026-02-12,0.699,0.692,0.7,0.689,75130709,5203060507.0,1.56,-1.56,-0.011,9.67
2026-02-13,0.681,0.688,0.689,0.68,84025519,5743346114.0,1.3,-0.58,-0.004,10.82
2026-02-24,0.682,0.672,0.683,0.671,71644260,4825719640.0,1.74,-2.33,-0.016,9.22
2026-02-25,0.676,0.67,0.677,0.668,61737681,4148463846.0,1.34,-0.3,-0.002,7.95
2026-02-26,0.671,0.652,0.672,0.65,92318860,6070757385.0,3.28,-2.69,-0.018,11.88
2026-02-27,0.649,0.654,0.656,0.646,78167373,5093031528.0,1.53,0.31,0.002,10.06
2026-03-02,0.642,0.635,0.645,0.631,115114143,7335136941.0,2.14,-2.91,-0.019,14.82
2026-03-03,0.638,0.622,0.639,0.619,134998452,8487475365.0,3.15,-2.05,-0.013,17.38
2026-03-04,0.615,0.612,0.625,0.608,141537904,8704014957.0,2.73,-1.61,-0.01,18.22
2026-03-05,0.623,0.612,0.624,0.608,126038436,7779804532.0,2.61,0.0,0.0,16.22
2026-03-06,0.612,0.63,0.633,0.612,120463568,7528238315.0,3.43,2.94,0.018,15.51
2026-03-09,0.61,0.626,0.63,0.608,138678565,8589039555.0,3.49,-0.63,-0.004,17.85
2026-03-10,0.637,0.639,0.641,0.63,103573025,6597607357.0,1.76,2.08,0.013,13.33
2026-03-11,0.644,0.64,0.648,0.637,88061799,5658813361.0,1.72,0.16,0.001,11.34
2026-03-12,0.637,0.637,0.645,0.631,73454906,4679575492.0,2.19,-0.47,-0.003,9.46
2026-03-13,0.634,0.633,0.64,0.631,69179994,4398651250.0,1.41,-0.63,-0.004,8.91
2026-03-16,0.635,0.652,0.653,0.628,108520735,6969856281.0,3.95,3.0,0.019,13.97
2026-03-17,0.654,0.648,0.664,0.646,110825358,7268078302.0,2.76,-0.61,-0.004,14.27
2026-03-18,0.651,0.649,0.651,0.641,93637199,6050893185.0,1.54,0.15,0.001,12.05
2026-03-19,0.636,0.636,0.644,0.634,78335873,4997851896.0,1.54,-2.0,-0.013,10.08
2026-03-20,0.63,0.618,0.635,0.617,98747157,6180298288.0,2.83,-2.83,-0.018,12.71
2026-03-23,0.608,0.596,0.612,0.593,129416547,7806494917.0,3.07,-3.56,-0.022,16.66
2026-03-24,0.605,0.609,0.611,0.596,108846825,6560837428.0,2.52,2.18,0.013,14.01
2026-03-25,0.618,0.62,0.628,0.611,131364502,8141476846.0,2.79,1.81,0.011,16.91
2026-03-26,0.62,0.608,0.624,0.606,73794780,4523838939.0,2.9,-1.94,-0.012,9.5
2026-03-27,0.604,0.61,0.615,0.601,91041670,5539911750.0,2.3,0.33,0.002,11.72
2026-03-30,0.593,0.598,0.602,0.59,107883675,6426134158.0,1.97,-1.97,-0.012,13.89
2026-03-31,0.599,0.591,0.603,0.589,97273403,5793409416.0,2.34,-1.17,-0.007,12.52
2026-04-01,0.603,0.605,0.606,0.597,98062805,5898894884.0,1.52,2.37,0.014,12.62
2026-04-02,0.599,0.59,0.6,0.588,81779090,4846189409.0,1.98,-2.48,-0.015,10.53
2026-04-03,0.594,0.588,0.595,0.588,23870587,1410801292.0,1.19,-0.34,-0.002,3.07
2026-04-07,0.589,0.591,0.594,0.589,17570060,1039171727.0,0.85,0.51,0.003,2.26
2026-04-08,0.608,0.62,0.62,0.606,123342585,7561967080.0,2.37,4.91,0.029,15.88
2026-04-09,0.614,0.61,0.616,0.609,63627554,3892342575.0,1.13,-1.61,-0.01,8.19
2026-04-10,0.612,0.612,0.621,0.611,82656274,5089239276.0,1.64,0.33,0.002,10.64
2026-04-13,0.607,0.607,0.611,0.604,56022265,3404281904.0,1.14,-0.82,-0.005,7.21
2026-04-14,0.615,0.61,0.616,0.605,66923152,4086204745.0,1.81,0.49,0.003,8.61
2026-04-15,0.621,0.618,0.625,0.616,71168358,4415924371.0,1.48,1.31,0.008,9.16
2026-04-16,0.625,0.638,0.639,0.624,82203465,5196797379.0,2.43,3.24,0.02,10.58
2026-04-17,0.635,0.632,0.637,0.629,44222122,2796441778.0,1.25,-0.94,-0.006,5.69
2026-04-20,0.635,0.638,0.641,0.632,61372645,3907991460.0,1.42,0.95,0.006,7.9
2026-04-21,0.638,0.634,0.639,0.63,42417567,2688968375.0,1.41,-0.63,-0.004,5.46
2026-04-22,0.63,0.625,0.63,0.622,52825734,3299056785.0,1.26,-1.42,-0.009,6.8
2026-04-23,0.625,0.614,0.625,0.611,65963523,4058173253.0,2.24,-1.76,-0.011,8.49
2026-04-24,0.609,0.617,0.619,0.603,75281289,4599455568.0,2.61,0.49,0.003,9.69
2026-04-27,0.619,0.621,0.626,0.616,51865350,3223958948.0,1.62,0.65,0.004,6.68
2026-04-28,0.618,0.61,0.621,0.607,51598468,3167797670.0,2.25,-1.77,-0.011,6.64
