date,open,high,low,close
2020-08-17,7037.86,7117.17,7004.77,7075.03
2020-08-18,7147.73,7196.01,7075.06,7196.01
2020-08-20,7183.25,7183.25,7060.78,7167.6
2020-08-21,7205.57,7208.73,7104.01,7168.87
2020-08-24,7247.6,7332.19,7198.76,7329.91
2020-08-25,7348.1,7355.49,7153.69,7223.67
2020-08-26,7311.5,7326.57,7219.82,7275.44
2020-08-27,7352.09,7574.23,7311.0,7540.86
2020-08-28,7521.87,7745.92,7430.02,7580.9
2020-08-31,7746.63,7771.28,7543.86,7543.86
2020-09-01,7556.9,7683.66,7526.33,7674.71
2020-09-02,7874.07,7909.39,7764.78,7909.39
2020-09-03,7889.48,7889.48,7678.15,7706.06
2020-09-04,7342.83,7622.35,7290.83,7588.02
2020-09-07,7481.19,7487.95,7213.81,7240.96
2020-09-08,7301.72,7326.01,7007.09,7123.28
2020-09-09,6984.19,7086.74,6906.75,7015.64
2020-09-10,7133.84,7200.8,6994.63,6999.72
2020-09-11,7001.26,7195.96,6986.97,7178.27
2020-09-14,7235.43,7345.08,7232.97,7317.31
2020-09-15,7327.13,7374.48,7281.24,7348.72
2020-09-16,7401.88,7464.42,7370.02,7430.09
2020-09-17,7403.11,7433.0,7245.87,7301.56
2020-09-18,7314.72,7371.82,7237.95,7371.82
2020-09-21,7408.78,7422.87,7188.84,7195.75
2020-09-22,7202.01,7319.08,7144.89,7233.32
2020-09-23,7270.29,7327.99,7235.37,7298.62
2020-09-24,7218.71,7223.84,7051.11,7054.28
2020-09-25,7110.42,7134.45,6860.75,6918.77
2020-09-28,6921.46,6998.21,6897.62,6978.59
2020-09-29,7063.95,7078.74,6965.7,6977.3
2020-09-30,7017.17,7143.14,6981.22,7087.64
2020-10-05,7255.73,7255.73,7049.82,7092.06
2020-10-06,7154.8,7350.2,7141.42,7336.35
2020-10-07,7358.22,7494.59,7300.09,7494.59
2020-10-08,7527.52,7527.52,7438.45,7511.11
2020-10-09,7567.75,7597.29,7467.87,7503.27
2020-10-12,7575.67,7749.98,7575.67,7748.85
2020-10-14,7878.84,7878.84,7725.8,7819.84
2020-10-15,7766.27,7769.07,7504.74,7541.04
2020-10-16,7661.68,7675.58,7540.76,7604.61
2020-10-19,7687.37,7723.86,7559.62,7570.71
2020-10-20,7592.77,7644.48,7516.3,7644.48
2020-10-21,7707.12,7732.2,7609.39,7618.06
2020-10-22,7624.14,7624.14,7495.48,7620.34
2020-10-23,7600.35,7600.35,7441.65,7484.48
2020-10-27,7457.47,7603.44,7449.86,7547.66
2020-10-28,7577.04,7694.83,7520.69,7656.45
2020-10-29,7508.24,7729.82,7485.71,7675.42
2020-10-30,7691.83,7778.82,7509.78,7534.39
2020-11-02,7601.14,7643.02,7474.7,7585.76
2020-11-03,7626.98,7774.11,7626.98,7714.73
2020-11-04,7594.79,7817.48,7574.61,7758.72
2020-11-05,8062.58,8181.62,8045.11,8181.62
2020-11-06,8200.2,8229.28,8020.85,8152.54
2020-11-09,8325.85,8524.94,8324.45,8394.19
2020-11-10,8214.52,8214.52,7841.11,7961.74
2020-11-11,7724.61,7827.5,7450.35,7465.44
2020-11-12,7679.1,7812.5,7672.13,7706.58
2020-11-13,7772.01,7939.72,7714.36,7939.72
2020-11-16,8075.93,8079.54,7890.32,8075.83
2020-11-17,8044.21,8044.21,7838.9,7933.13
2020-11-18,7940.06,7986.66,7885.91,7972.21
2020-11-19,7946.25,7946.25,7799.56,7903.37
2020-11-20,7975.98,8038.46,7949.21,7997.52
2020-11-23,8100.09,8105.54,8038.79,8088.86
2020-11-24,8186.2,8186.2,8044.51,8107.1
2020-11-25,8131.23,8159.03,7869.31,7921.35
2020-11-26,7983.53,8057.14,7936.82,8057.14
2020-11-27,8075.11,8139.55,8042.46,8090.05
2020-11-30,8095.44,8143.4,7993.32,8019.36
2020-12-01,8041.66,8049.23,7941.87,7985.36
2020-12-02,7998.06,7998.06,7820.79,7848.25
2020-12-03,7895.37,7942.15,7869.1,7940.19
2020-12-04,7969.58,8012.79,7928.56,7952.8
2020-12-07,7974.95,8011.29,7847.39,7944.79
2020-12-08,7939.81,8136.73,7916.24,8085.11
2020-12-09,8144.8,8206.08,8066.77,8101.77
2020-12-10,8004.56,8044.07,7955.62,8025.83
2020-12-11,8123.04,8143.59,8037.63,8080.6
2020-12-14,8056.27,8156.09,8005.06,8128.81
2020-12-15,8149.85,8149.85,8028.9,8094.42
2020-12-16,8158.8,8173.26,8085.68,8146.4
2020-12-17,8205.81,8332.66,8186.12,8332.66
2020-12-18,8324.89,8345.77,8221.54,8253.83
2020-12-21,8243.12,8277.37,8159.95,8159.95
2020-12-22,8164.53,8253.32,8091.29,8186.66
2020-12-23,8207.8,8480.35,8204.42,8426.07
2020-12-24,8348.44,8352.8,8122.62,8142.81
2020-12-28,8063.45,8070.26,7768.81,7795.78
2020-12-29,7908.69,8072.71,7908.69,7997.83
2020-12-30,8078.28,8311.5,8078.28,8295.37
2020-12-31,8332.26,8445.6,8332.01,8425.9
2021-01-04,8376.85,8544.87,8360.83,8489.69
2021-01-05,8422.18,8504.65,8385.74,8463.55
2021-01-06,8574.37,8699.84,8510.4,8609.6
2021-01-07,8559.09,8559.09,8301.0,8400.85
2021-01-08,8450.05,8694.4,8450.05,8630.32
2021-01-11,8730.59,8839.76,8614.55,8665.47
2021-01-12,8685.24,8758.24,8619.41,8726.64
2021-01-13,8781.51,8813.34,8600.12,8669.71
2021-01-14,8774.84,8901.83,8711.66,8895.21
2021-01-15,8814.55,8818.39,8640.52,8775.54
2021-01-18,8715.32,9122.71,8688.63,9116.24
2021-01-19,9228.15,9526.28,9228.15,9374.79
2021-01-20,9493.74,9885.22,9474.55,9885.22
2021-01-21,9915.87,9981.71,9736.29,9809.84
2021-01-22,9811.68,9952.94,9707.08,9765.76
2021-01-25,9841.33,10228.7,9841.33,10206.61
2021-01-26,10142.51,10279.96,9843.29,9967.45
2021-01-27,10055.5,10057.24,9603.17,9807.73
2021-01-28,9564.89,9791.85,9339.48,9372.88
2021-01-29,9543.2,9709.45,9283.93,9358.11
2021-02-01,9438.36,9792.88,9385.43,9765.89
2021-02-02,9987.0,10096.4,9951.12,9976.44
2021-02-03,10056.56,10137.86,9907.63,10125.72
2021-02-04,10034.24,10042.8,9678.4,9897.37
2021-02-05,9935.47,9996.24,9770.24,9795.16
2021-02-08,9930.31,9947.75,9727.46,9756.81
2021-02-09,9810.07,9970.91,9780.07,9961.71
2021-02-10,10100.71,10219.76,10021.7,10214.73
2021-02-11,10219.06,10411.2,10094.85,10411.2
2021-02-16,10620.97,10785.98,10585.65,10694.68
2021-02-17,10658.24,10945.22,10555.63,10945.22
2021-02-18,10964.67,11001.78,10565.4,10591.53
2021-02-19,10517.13,10560.97,10214.36,10560.97
2021-02-22,10686.39,10686.39,9977.41,9977.41
2021-02-23,9786.09,10000.12,9637.21,9863.82
2021-02-24,9931.55,9988.84,9201.58,9360.95
2021-02-25,9606.37,9665.98,9380.89,9496.79
2021-02-26,9052.15,9184.17,8937.09,8954.44
2021-03-01,9209.95,9312.06,9130.98,9298.79
2021-03-02,9570.95,9629.89,9221.54,9257.99
2021-03-03,9282.48,9368.76,9117.0,9366.51
2021-03-04,9149.65,9150.36,8807.47,8819.62
2021-03-05,8500.51,8774.2,8384.91,8634.22
2021-03-08,8736.53,8748.88,8023.24,8081.63
2021-03-09,8029.83,8324.1,7706.83,8063.12
2021-03-10,8526.69,8526.69,8174.61,8216.58
2021-03-11,8232.88,8652.11,8219.81,8640.16
2021-03-12,8836.77,8894.41,8449.29,8456.43
2021-03-15,8549.04,8607.84,8171.97,8264.42
2021-03-16,8405.94,8549.58,8405.94,8530.82
2021-03-17,8523.48,8643.75,8402.95,8574.04
2021-03-18,8689.32,8819.38,8643.42,8676.33
2021-03-19,8516.42,8597.79,8387.79,8551.32
2021-03-22,8529.34,8646.1,8441.96,8508.85
2021-03-23,8580.99,8584.66,8223.0,8295.42
2021-03-24,8283.7,8328.41,7981.65,8040.99
2021-03-25,7812.59,7995.82,7642.57,7944.8
2021-03-26,7985.26,8206.02,7955.34,8124.16
2021-03-29,8110.96,8160.82,7906.57,7981.07
2021-03-30,8077.65,8239.15,8045.83,8180.32
2021-03-31,8283.46,8343.46,8151.33,8183.8
2021-04-01,8336.0,8569.73,8308.08,8569.64
2021-04-07,8650.5,8669.17,8421.21,8451.85
2021-04-08,8375.56,8524.03,8338.03,8458.11
2021-04-09,8503.03,8503.03,8246.54,8305.93
2021-04-12,8365.23,8374.97,8137.17,8169.5
2021-04-13,8175.37,8233.38,8018.65,8038.81
2021-04-14,8191.8,8293.81,8176.63,8225.67
2021-04-15,8212.39,8212.39,8023.97,8142.92
2021-04-16,8135.42,8250.13,8117.83,8232.13
2021-04-19,8206.45,8406.12,8145.27,8346.39
2021-04-20,8272.34,8354.44,8249.22,8311.69
2021-04-21,8161.73,8222.84,8113.46,8185.0
2021-04-22,8263.03,8314.54,8200.21,8279.74
2021-04-23,8312.99,8506.39,8299.72,8467.75
2021-04-26,8527.83,8612.36,8461.7,8485.24
2021-04-27,8486.64,8571.05,8418.32,8508.83
2021-04-28,8531.36,8565.31,8487.53,8532.76
2021-04-29,8585.77,8599.89,8468.4,8500.13
2021-04-30,8435.37,8440.3,8300.33,8313.18
2021-05-03,8314.65,8323.99,8188.44,8227.89
2021-05-04,8231.32,8295.95,8187.8,8284.12
2021-05-05,8180.23,8240.29,8096.39,8107.9
2021-05-06,8164.63,8232.76,8065.8,8136.87
2021-05-07,8158.71,8158.71,7934.46,7954.82
2021-05-10,7987.35,8045.17,7841.34,7886.02
2021-05-11,7673.06,7673.06,7533.21,7649.68
2021-05-12,7755.31,7868.98,7723.66,7861.18
2021-05-13,7699.22,7738.78,7597.26,7599.62
2021-05-14,7548.11,7590.53,7433.44,7565.31
2021-05-17,7628.91,7738.08,7602.06,7699.96
2021-05-18,7764.25,7825.64,7741.87,7817.69
2021-05-20,7810.78,7939.08,7795.83,7915.72
2021-05-21,8016.44,8048.64,7945.27,8025.31
2021-05-24,7961.23,7998.24,7800.37,7876.61
2021-05-25,7884.97,8024.63,7846.99,8004.37
2021-05-26,8044.39,8092.55,7993.66,8072.46
2021-05-27,8082.33,8132.89,8033.36,8123.88
2021-05-28,8135.72,8136.36,7942.25,7957.63
2021-05-31,8036.81,8105.52,7991.08,8104.35
2021-06-01,8141.8,8311.71,8132.19,8305.74
2021-06-02,8338.03,8338.03,8201.54,8235.1
2021-06-03,8227.63,8316.21,8140.48,8164.34
2021-06-04,8080.0,8195.37,8059.76,8095.64
2021-06-07,8106.01,8120.51,7988.96,8042.73
2021-06-08,8079.96,8100.21,7935.76,7981.01
2021-06-09,7970.55,8009.22,7926.25,7972.09
2021-06-10,7991.27,8048.2,7933.71,7969.17
2021-06-11,8017.11,8065.26,7958.83,7991.12
2021-06-15,8036.32,8038.7,7850.64,7961.02
2021-06-16,7922.42,7931.53,7816.77,7830.67
2021-06-17,7776.48,7901.52,7747.45,7901.52
2021-06-18,7991.03,8075.46,7973.41,8041.45
2021-06-21,7955.06,7992.79,7885.41,7955.95
2021-06-22,7961.52,7961.52,7808.26,7812.23
2021-06-23,7868.36,8030.9,7836.94,8020.23
2021-06-24,8045.78,8080.01,8004.0,8039.76
2021-06-25,8105.22,8243.81,8095.3,8235.63
2021-06-28,8284.5,8316.61,8231.2,8276.631
2021-06-29,8299.52,8330.92,8168.09,8201.05
2021-06-30,8249.78,8260.28,8145.77,8155.37
2021-07-02,8137.63,8137.63,7856.77,7892.4
2021-07-05,7832.43,7842.1,7665.73,7712.19
2021-07-06,7700.96,7709.41,7570.7,7646.94
2021-07-07,7555.25,7608.42,7499.8,7603.77
2021-07-08,7548.54,7559.8,7301.85,7321.98
2021-07-09,7295.5,7450.48,7152.11,7429.49
2021-07-12,7520.26,7555.22,7410.21,7514.15
2021-07-13,7554.72,7721.17,7524.66,7659.59
2021-07-14,7677.74,7706.21,7642.65,7667.56
2021-07-15,7670.52,7705.1,7634.88,7661.25
2021-07-16,7639.31,7675.81,7583.68,7614.35
2021-07-19,7509.75,7511.47,7408.19,7431.99
2021-07-20,7403.79,7465.83,7274.06,7337.55
2021-07-21,7380.33,7404.26,7277.52,7327.7
2021-07-22,7417.24,7490.13,7405.44,7490.13
2021-07-23,7495.42,7495.42,7233.42,7268.14
2021-07-26,7038.32,7038.32,6752.62,6790.96
2021-07-27,6667.97,6773.97,6118.1,6249.65
2021-07-28,6397.65,6493.05,6204.56,6443.31
2021-07-29,6827.16,6958.77,6736.9,6958.77
2021-07-30,6824.84,6824.84,6614.99,6780.97
2021-08-02,6791.01,6821.6,6672.2,6796.25
2021-08-03,6838.76,6838.76,6557.67,6696.66
2021-08-04,6645.89,6932.31,6610.04,6859.4
2021-08-05,6835.52,6914.53,6680.42,6715.33
2021-08-06,6755.31,6755.31,6644.74,6697.1
2021-08-09,6609.65,6749.9,6558.23,6664.91
2021-08-10,6773.14,6837.15,6682.62,6830.15
2021-08-11,6798.28,6884.37,6764.44,6820.68
2021-08-12,6804.51,6825.77,6680.94,6719.19043
2021-08-13,6634.41,6669.37,6531.95,6589.54004
2021-08-16,6562.4,6562.4,6389.74,6420.14014
2021-08-17,6367.53,6393.18,6180.97,6218.89014
2021-08-18,6242.54,6298.71,6193.32,6226.68994
2021-08-19,6209.67,6259.03,6012.44,6044.02979
2021-08-20,6020.96,6021.9,5769.65,5895.06006
2021-08-23,6010.78,6158.63,5990.78,6021.27002
2021-08-24,6171.4,6446.18,6171.01,6446.18018
2021-08-25,6609.64,6671.2,6410.07,6458.97022
2021-08-26,6492.16,6492.16,6268.7,6337.02979
2021-08-27,6336.68,6460.35,6282.02,6322.27979
2021-08-30,6327.87,6416.95,6287.59,6391.16992
2021-08-31,6401.96,6607.78,6297.45,6607.77979
2021-09-01,6633.47,6759.26,6584.32,6693.66016
2021-09-02,6824.57,6907.8,6747.02,6801.47022
2021-09-03,6778.13,6778.13,6669.79,6728.83984
2021-09-06,6687.53,6780.16,6669.47,6778.48975
2021-09-07,6814.06,6933.33,6812.59,6887.93994
2021-09-08,6930.72,6958.01,6807.11,6871.27979
2021-09-09,6732.15,6740.81,6545.34,6560.39014
2021-09-10,6618.74,6749.6,6618.74,6748.35986
2021-09-13,6648.44,6648.44,6498.6,6595.02979
2021-09-14,6621.27,6631.16,6457.14,6502.3501
2021-09-15,6425.22,6433.48,6282.82,6298.08984
2021-09-16,6303.82,6342.91,6161.18,6232.93018
2021-09-17,6240.24,6462.64,6214.06,6452.18994
2021-09-20,6379.63,6379.63,6156.93,6271.37012
2021-09-21,6147.52,6272.61,6124.65,6242.60986
2021-09-23,6369.07,6440.99,6247.32,6300.49023
2021-09-24,6289.86,6317.54,6129.89,6159.95996
2021-09-27,6148.61,6236.89,6078.66,6103.89014
2021-09-28,6150.98,6272.47,6129.13,6231.54981
2021-09-29,6111.29,6179.43,6016.25,6179.43018
2021-09-30,6057.5,6146.34,6035.75,6101.52002
2021-10-04,6054.19,6071.09,5936.81,5973.79981
2021-10-05,5852.97,5970.05,5824.6,5955.22022
2021-10-06,5998.92,6009.03,5855.22,5866.1499
2021-10-07,5987.7,6189.27,5975.23,6172.04004
2021-10-08,6301.87,6301.87,6134.75,6206.77002
2021-10-11,6303.67,6448.16,6303.67,6403.68994
2021-10-12,6270.39,6317.78,6179.36,6199.75
2021-10-15,6282.22,6318.91,6223.04,6318.91016
2021-10-18,6346.49,6346.49,6206.04,6324.27002
2021-10-19,6349.32,6521.01,6334.29,6518.58984
2021-10-20,6612.97,6735.2,6612.94,6691.33008
2021-10-21,6704.99,6713.93,6555.14,6636.18018
2021-10-22,6673.86,6784.89,6666.01,6754.33984
2021-10-25,6722.5,6794.8,6685.84,6744.74023
2021-10-26,6749.35,6770.79,6616.45,6654.18994
2021-10-27,6532.77,6532.77,6395.62,6441.62012
2021-10-28,6484.06,6540.83,6409.0,6445.16992
2021-10-29,6424.23,6442.69,6362.01,6375.8501
2021-11-01,6339.81,6339.81,6236.14,6279.39014
2021-11-02,6463.03,6532.05,6287.79,6314.31006
2021-11-03,6309.58,6343.64,6189.94,6273.43994
2021-11-04,6322.65,6383.19,6313.69,6375.31982
2021-11-05,6295.68,6353.68,6244.66,6276.52002
2021-11-08,6238.31,6239.69,6164.09,6193.97998
2021-11-09,6240.55,6260.78,6151.64,6221.8501
2021-11-10,6209.09,6355.5,6152.22,6349.93994
2021-11-11,6281.34,6504.59,6272.93,6464.52979
2021-11-12,6576.31,6604.1,6495.25,6565.52979
2021-11-15,6603.57,6642.87,6564.11,6601.1499
2021-11-16,6612.39,6724.95,6588.83,6712.31055
2021-11-17,6672.32,6683.52,6601.91,6672.27979
2021-11-18,6546.19,6546.75,6448.35,6474.54981
2021-11-19,6371.12,6457.97,6341.95,6457.97022
2021-11-22,6456.97,6460.13,6380.03,6410.89014
2021-11-23,6315.78,6340.53,6281.36,6323.47998
2021-11-24,6317.25,6369.53,6269.61,6292.16016
2021-11-25,6302.97,6370.38,6267.05,6358.54004
2021-11-26,6292.96,6292.96,6149.86,6151.99023
2021-11-29,6098.72,6221.93,6071.83,6099.3501
2021-11-30,6076.79,6127.12,5922.26,6028.62988
2021-12-01,6036.58,6117.35,6011.06,6058.79981
2021-12-02,5986.14,6044.63,5961.03,6017.56006
2021-12-03,5948.62,5948.62,5855.73,5925.52002
2021-12-06,5773.63,5835.55,5710.19,5727.49023
2021-12-07,5846.18,5968.5,5796.26,5968.5
2021-12-08,5999.53,6018.52,5950.8,5970.22998
2021-12-09,6024.76,6118.93,6024.76,6103.16016
2021-12-10,6058.03,6122.97,6004.99,6035.22998
2021-12-13,6089.33,6160.95,6019.73,6022.22998
2021-12-14,5938.33,5979.35,5863.06,5884.81982
2021-12-15,5863.61,5904.96,5757.09,5795.43994
2021-12-16,5743.2,5834.93,5681.4,5822.14014
2021-12-17,5775.4,5775.4,5662.9,5680.47022
2021-12-20,5644.12,5687.6,5474.31,5498.49023
2021-12-21,5467.21,5656.57,5456.11,5612.68994
2021-12-22,5729.24,5750.26,5632.31,5685.29004
2021-12-23,5667.56,5708.37,5589.86,5638.31006
2021-12-24,5692.18,5693.69,5614.74,5619.39014
2021-12-28,5635.13,5660.66,5528.96,5569.41992
2021-12-29,5559.33,5559.8,5455.47,5471.87012
2021-12-30,5470.58,5534.31,5427.94,5475.7002
2021-12-31,5693.66,5723.5,5668.34,5670.95996
2022-01-03,5704.38,5741.8,5609.79,5640.47022
2022-01-04,5665.89,5678.69,5550.56,5581.8999
2022-01-05,5501.75,5505.46,5306.25,5323.47022
2022-01-06,5285.43,5410.44,5230.94,5396.6499
2022-01-07,5470.06,5517.49,5399.22,5503.91016
2022-01-10,5499.95,5643.25,5460.7,5625.5
2022-01-11,5597.18,5664.76,5564.64,5619.66992
2022-01-12,5750.01,5902.24,5750.01,5899.81982
2022-01-13,5920.51,5923.45,5750.24,5796.77979
2022-01-14,5649.35,5769.05,5606.3,5769.04981
2022-01-17,5752.41,5778.48,5678.19,5724.5
2022-01-18,5749.82,5834.81,5677.01,5698.54004
2022-01-19,5716.16,5750.48,5612.36,5642.91016
2022-01-20,5692.56,5902.63,5652.66,5896.70996
2022-01-21,5840.58,5908.29,5789.56,5870.56982
2022-01-24,5749.7,5760.65,5688.93,5703.62988
2022-01-25,5592.17,5638.12,5490.94,5552.68018
2022-01-26,5581.67,5665.59,5526.26,5597.02979
2022-01-27,5471.5,5485.77,5322.15,5383.62988
2022-01-28,5360.71,5373.83,5228.19,5291.7002
2022-01-31,5332.84,5450.47,5304.62,5416.29004
2022-02-04,5555.18,5591.66,5463.49,5581.62988
2022-02-07,5583.0,5591.34,5451.68,5529.50977
2022-02-08,5497.32,5503.4,5387.09,5436.91992
2022-02-09,5559.83,5648.36,5559.83,5635.5
2022-02-10,5721.07,5726.59,5579.84,5666.99023
2022-02-11,5619.98,5665.52,5536.2,5597.04981
2022-02-14,5499.94,5536.33,5451.81,5502.18018
2022-02-15,5464.63,5549.66,5460.1,5490.27979
2022-02-16,5597.02,5626.48,5572.77,5616.37988
2022-02-17,5608.52,5676.45,5576.31,5662.27979
2022-02-18,5611.48,5664.61,5446.92,5479.8999
2022-02-21,5395.85,5459.28,5298.32,5327.43994
2022-02-22,5207.5,5269.3,5160.34,5226.7002
2022-02-23,5234.98,5325.61,5200.68,5299.24023
2022-02-24,5163.46,5210.72,5015.99,5069.79004
2022-02-25,5157.11,5209.67,5107.35,5112.62012
2022-02-28,5134.83,5144.02,5028.61,5118.02002
2022-03-01,5136.66,5190.18,5100.91,5155.68994
2022-03-02,5131.28,5162.07,5007.11,5015.74023
2022-03-03,5025.97,5052.16,4933.19,4957.60986
2022-03-04,4763.47,4803.8,4718.51,4737.93018
2022-03-07,4568.66,4613.66,4455.17,4527.83008
2022-03-08,4515.12,4579.12,4367.79,4382.31982
2022-03-09,4431.96,4471.21,4233.0,4393.91016
2022-03-10,4553.79,4586.42,4385.19,4436.6499
2022-03-11,4229.75,4320.2,4040.32,4246.97022
2022-03-14,4073.27,4073.27,3749.9,3778.6001
2022-03-15,3569.09,3841.87,3463.44,3472.41992
2022-03-16,3689.86,4247.54,3608.91,4243.39014
2022-03-17,4705.18,4735.01,4405.93,4572.79004
2022-03-18,4442.71,4547.76,4300.88,4484.93018
2022-03-21,4631.51,4631.51,4370.11,4416.33008
2022-03-22,4440.63,4660.39,4423.63,4653.7002
2022-03-23,4753.59,4883.76,4710.96,4749.12012
2022-03-24,4722.12,4752.7,4581.33,4609.02002
2022-03-25,4550.94,4634.92,4333.99,4379.33008
2022-03-28,4380.77,4550.83,4301.62,4494.00977
2022-03-29,4537.06,4611.37,4520.1,4607.08984
2022-03-30,4685.52,4713.32,4578.03,4622.56982
2022-03-31,4645.45,4645.45,4514.61,4557.99023
2022-04-01,4420.86,4524.25,4379.43,4524.25
2022-04-04,4606.19,4773.69,4606.19,4769.99023
2022-04-06,4638.08,4648.96,4568.08,4587.72998
2022-04-07,4519.06,4652.87,4470.85,4474.12988
2022-04-08,4419.93,4448.93,4338.98,4422.74023
2022-04-11,4365.71,4365.71,4169.65,4191.02979
2022-04-12,4246.92,4315.06,4119.72,4249.58984
2022-04-13,4213.07,4317.42,4186.76,4268.91016
2022-04-14,4314.95,4344.74,4276.52,4320.1001
2022-04-19,4215.98,4247.04,4140.37,4156.41992
2022-04-20,4149.6,4227.24,4121.28,4134.04004
2022-04-21,4054.04,4088.92,3946.62,3990.08008
2022-04-22,3864.43,4026.73,3847.02,4001.08008
2022-04-25,3885.68,3927.52,3780.07,3806.18994
2022-04-26,3884.85,4028.24,3884.85,3915.27002
2022-04-27,3865.45,4010.34,3846.9,3981.13989
2022-04-28,4041.69,4073.87,3960.94,4066.88989
2022-04-29,4053.99,4515.73,4032.58,4471.75
2022-05-03,4379.76,4489.5,4266.7,4409.93018
2022-05-04,4370.05,4375.4,4239.39,4264.91016
2022-05-05,4353.86,4382.82,4251.05,4258.87988
2022-05-06,4098.85,4114.23,4023.01,4036.26001
2022-05-10,3796.93,3946.26,3755.89,3906.42993
2022-05-11,3872.67,4141.88,3864.22,4019.28003
2022-05-12,3917.92,3995.37,3854.92,3864.94995
2022-05-13,3952.22,4046.42,3949.0,4038.96997
2022-05-16,4134.58,4158.94,3997.25,4039.36011
2022-05-17,4130.09,4287.7,4121.4,4272.9502
2022-05-18,4265.55,4286.74,4173.91,4260.37012
2022-05-19,4077.38,4143.75,4043.16,4090.71997
2022-05-20,4220.73,4304.95,4201.8,4284.41992
2022-05-23,4243.12,4264.23,4142.39,4177.6499
2022-05-24,4140.7,4194.97,4001.61,4032.34009
2022-05-25,4015.37,4090.63,3992.21,4043.68994
2022-05-26,4063.05,4063.05,3961.26,4033.79004
2022-05-27,4213.23,4232.66,4135.35,4186.9502
2022-05-30,4257.67,4352.02,4250.95,4352.02002
2022-05-31,4350.57,4505.18,4325.26,4483.6001
2022-06-01,4456.29,4485.75,4373.37,4433.37988
2022-06-02,4355.9,4421.73,4327.89,4397.74023
2022-06-06,4471.36,4619.65,4420.2,4601.9502
2022-06-07,4579.5,4672.38,4531.98,4599.47998
2022-06-08,4697.41,4831.14,4696.69,4818.35986
2022-06-09,4883.67,4903.9,4683.01,4749.56982
2022-06-10,4628.2,4843.17,4604.66,4826.41992
2022-06-13,4630.92,4721.65,4575.93,4598.6499
2022-06-14,4504.59,4650.08,4468.36,4595.74023
2022-06-15,4653.61,4744.38,4653.61,4703.72022
2022-06-16,4764.45,4781.43,4503.3,4547.22022
2022-06-17,4493.71,4671.36,4492.68,4653.35986
2022-06-20,4625.93,4673.01,4537.66,4657.37012
2022-06-21,4677.1,4766.03,4632.11,4760.14014
2022-06-22,4737.49,4756.0,4552.33,4552.33008
2022-06-23,4608.18,4692.79,4553.88,4655.91016
2022-06-24,4724.53,4864.47,4720.23,4844.58008
2022-06-27,4906.36,5128.06,4906.36,5072.89014
2022-06-28,5027.5,5137.77,4924.22,5103.89014
2022-06-29,4987.51,5066.63,4876.22,4937.22998
2022-06-30,4903.15,4964.36,4810.34,4870.29981
2022-07-04,4851.48,4905.18,4787.33,4884.18018
2022-07-05,4959.25,4991.98,4841.57,4861.3999
2022-07-06,4868.24,4904.78,4703.9,4801.75
2022-07-07,4720.86,4796.04,4643.87,4780.04004
2022-07-08,4868.37,4882.92,4778.4,4808.47022
2022-07-11,4736.94,4736.94,4588.58,4622.91992
2022-07-12,4546.39,4599.99,4492.28,4524.10986
2022-07-13,4558.24,4630.52,4533.67,4547.1001
2022-07-14,4564.58,4638.63,4531.42,4587.72998
2022-07-15,4507.4,4557.25,4422.41,4440.10986
2022-07-18,4454.81,4585.37,4391.29,4574.3999
2022-07-19,4544.06,4567.0,4478.91,4506.74023
2022-07-20,4599.84,4633.07,4575.24,4576.85986
2022-07-21,4567.56,4633.87,4548.39,4582.35986
2022-07-22,4640.0,4664.23,4565.87,4597.64014
2022-07-25,4562.04,4565.21,4479.99,4534.33984
2022-07-26,4558.8,4614.74,4529.18,4596.33984
2022-07-27,4527.1,4569.2,4510.62,4536.62012
2022-07-28,4558.05,4600.49,4539.93,4552.54004
2022-07-29,4561.53,4562.62,4297.33,4331.18994
2022-08-01,4303.36,4356.91,4246.86,4324.02979
2022-08-02,4242.0,4242.0,4119.96,4194.04004
2022-08-03,4269.76,4313.24,4219.65,4246.12988
2022-08-04,4341.78,4390.28,4315.11,4381.12012
2022-08-05,4429.22,4429.4,4367.79,4415.85986
2022-08-08,4354.26,4389.16,4310.69,4335.54004
2022-08-09,4326.54,4371.16,4264.81,4295.24023
2022-08-10,4281.78,4281.78,4130.75,4173.77002
2022-08-11,4244.46,4326.85,4233.19,4326.8501
2022-08-12,4357.47,4365.12,4302.65,4350.06982
2022-08-15,4310.36,4394.62,4300.07,4308.31006
2022-08-16,4339.33,4352.06,4160.45,4221.02979
2022-08-17,4262.89,4281.12,4186.66,4238.8999
2022-08-18,4249.91,4249.91,4165.24,4192.64014
2022-08-19,4155.54,4242.34,4154.62,4192.31006
2022-08-22,4133.36,4196.68,4125.73,4152.04004
2022-08-23,4151.34,4182.1,4101.66,4141.04004
2022-08-24,4145.94,4148.08,4012.51,4026.44995
2022-08-25,4072.77,4279.61,4072.77,4268.54004
2022-08-26,4350.33,4357.65,4272.64,4302.16992
2022-08-29,4249.02,4275.15,4212.69,4249.16992
2022-08-30,4259.3,4259.3,4123.69,4227.43018
2022-08-31,4123.27,4354.36,4123.27,4273.68018
2022-09-01,4232.42,4289.51,4179.99,4204.02979
2022-09-02,4204.34,4230.45,4116.74,4143.52979
2022-09-05,4089.62,4089.62,4025.95,4063.90991
2022-09-06,4081.27,4101.6,4019.75,4066.83008
2022-09-07,3988.26,4029.55,3957.09,4014.01001
2022-09-08,4031.91,4056.71,3958.82,3974.05005
2022-09-09,3979.51,4090.94,3968.79,4077.32007
2022-09-13,4104.6,4111.11,4060.35,4069.29004
2022-09-14,3965.24,3982.4,3934.36,3953.37012
2022-09-15,3939.94,3980.81,3935.0,3963.31006
2022-09-16,3911.31,3937.29,3858.17,3858.45996
2022-09-19,3828.01,3828.01,3760.2,3778.77002
2022-09-20,3829.1,3884.82,3829.1,3853.97998
2022-09-21,3815.11,3815.11,3733.82,3737.32007
2022-09-22,3626.1,3682.8,3606.66,3673.80005
2022-09-23,3652.48,3668.02,3589.52,3589.62988
2022-09-26,3556.83,3699.93,3556.83,3647.38989
2022-09-27,3649.0,3673.82,3581.78,3667.40991
2022-09-28,3613.9,3613.9,3507.51,3526.22998
2022-09-29,3612.59,3618.91,3439.6,3482.52002
2022-09-30,3488.52,3514.56,3385.26,3450.12012
2022-10-03,3423.37,3497.26,3393.9,3427.12988
2022-10-05,3597.35,3709.39,3586.29,3685.51001
2022-10-06,3694.59,3700.02,3635.94,3660.71997
2022-10-07,3608.88,3610.46,3536.61,3539.87012
2022-10-10,3441.51,3447.33,3382.9,3398.87988
2022-10-11,3374.65,3385.43,3261.57,3278.23999
2022-10-12,3250.28,3374.29,3159.67,3269.54004
2022-10-13,3260.37,3279.15,3155.52,3157.75
2022-10-14,3216.45,3318.32,3189.43,3206.62988
2022-10-17,3159.34,3248.77,3092.21,3200.12012
2022-10-18,3266.05,3344.05,3217.08,3336.25
2022-10-19,3308.93,3313.34,3194.73,3196.58008
2022-10-20,3091.04,3182.74,3042.61,3120.83008
2022-10-21,3149.37,3164.32,3093.74,3101.37012
2022-10-24,3001.7,3062.62,2768.4,2801.98999
2022-10-25,2835.19,2973.28,2720.38,2884.79004
2022-10-26,2863.73,3023.87,2854.1,2956.40991
2022-10-27,3083.97,3094.81,2978.61,2989.17993
2022-10-28,2977.91,2977.91,2797.41,2822.91992
2022-10-31,2828.48,2959.34,2792.13,2852.57007
2022-11-01,2903.05,3117.99,2893.08,3075.15991
2022-11-02,3047.88,3174.72,3011.33,3156.59009
2022-11-03,3060.43,3119.91,3023.92,3035.38989
2022-11-04,3077.12,3366.3,3077.12,3264.22998
2022-11-07,3205.11,3455.1,3189.79,3396.63989
2022-11-08,3399.08,3419.07,3314.51,3343.76001
2022-11-09,3346.92,3398.7,3244.05,3280.47998
2022-11-10,3202.02,3209.83,3159.0,3172.76001
2022-11-11,3487.19,3508.35,3363.12,3491.69995
2022-11-14,3685.72,3685.72,3513.27,3554.38989
2022-11-15,3549.26,3829.29,3513.41,3813.86011
2022-11-16,3780.72,3869.42,3712.02,3805.25
2022-11-17,3730.33,3761.79,3591.14,3721.61011
2022-11-18,3833.6,3885.43,3711.67,3742.69995
2022-11-21,3636.57,3667.3,3555.64,3631.96997
2022-11-22,3609.66,3641.55,3487.87,3515.37012
2022-11-23,3541.25,3595.99,3486.39,3555.02002
2022-11-24,3595.06,3619.88,3539.47,3582.94995
2022-11-25,3577.43,3577.43,3485.68,3500.31006
2022-11-28,3343.27,3451.94,3313.73,3432.86011
2022-11-29,3534.84,3698.25,3496.19,3695.80005
2022-11-30,3679.27,3814.59,3642.24,3798.18994
2022-12-01,3950.8,4018.9,3830.26,3839.27002
2022-12-02,3858.03,3932.58,3818.84,3878.81006
2022-12-05,4064.58,4241.07,4007.06,4238.2002
2022-12-06,4120.38,4279.14,4116.88,4161.20996
2022-12-07,4153.9,4316.84,3990.76,4004.31006
2022-12-08,4067.4,4286.2,4067.4,4270.20996
2022-12-09,4279.14,4390.86,4224.38,4369.52979
2022-12-12,4258.59,4307.6,4156.2,4192.66992
2022-12-13,4167.7,4279.56,4160.17,4223.2002
2022-12-14,4269.27,4289.49,4162.17,4237.66016
2022-12-15,4225.64,4235.97,4118.62,4136.41992
2022-12-16,4123.38,4210.57,4048.5,4149.22022
2022-12-19,4170.91,4283.35,4099.94,4125.06006
2022-12-20,4057.24,4078.48,3945.61,3996.36011
2022-12-21,4017.03,4048.39,3981.93,4024.84009
2022-12-22,4134.12,4235.63,4120.16,4210.52979
2022-12-23,4113.64,4197.5,4105.37,4124.33008
2022-12-28,4165.23,4263.34,4165.23,4212.43994
2022-12-29,4119.4,4158.15,4074.33,4107.43018
2022-12-30,4203.15,4211.3,4122.14,4128.79004
2023-01-03,4081.29,4246.03,4018.85,4233.37012
2023-01-04,4288.39,4427.17,4255.29,4427.16992
2023-01-05,4565.78,4601.0,4460.83,4494.22022
2023-01-06,4552.38,4553.32,4395.15,4431.12012
2023-01-09,4497.42,4583.81,4468.35,4570.72022
2023-01-10,4545.12,4574.07,4491.58,4558.58008
2023-01-11,4588.27,4642.08,4517.94,4547.12012
2023-01-12,4574.46,4598.36,4420.88,4487.06982
2023-01-13,4492.79,4564.11,4448.52,4554.77979
2023-01-16,4577.34,4589.18,4456.44,4506.72022
2023-01-17,4493.5,4567.33,4444.64,4500.54004
2023-01-18,4477.82,4537.48,4432.79,4524.66992
2023-01-19,4444.74,4490.92,4413.42,4449.91016
2023-01-20,4487.51,4577.66,4485.33,4568.79004
2023-01-26,4662.35,4763.61,4659.24,4763.60986
2023-01-27,4786.67,4825.59,4762.27,4813.22998
2023-01-30,4774.34,4784.45,4557.74,4580.22022
2023-01-31,4614.81,4646.59,4471.37,4542.58008
2023-02-01,4572.9,4695.7,4530.68,4695.7002
2023-02-02,4763.32,4804.85,4687.52,4696.54981
2023-02-03,4654.74,4694.24,4584.69,4634.18994
2023-02-06,4515.83,4533.55,4433.92,4464.81982
2023-02-07,4485.97,4578.67,4478.58,4516.31006
2023-02-08,4496.99,4530.58,4409.08,4431.58008
2023-02-09,4386.78,4575.11,4379.17,4571.70996
2023-02-10,4509.61,4527.4,4353.31,4362.22022
2023-02-13,4287.53,4395.22,4265.21,4374.8999
2023-02-14,4395.85,4397.43,4327.6,4330.6001
2023-02-15,4342.08,4356.18,4246.88,4288.75
2023-02-16,4328.19,4474.15,4319.61,4367.1001
2023-02-17,4359.49,4403.88,4254.33,4257.62988
2023-02-20,4248.18,4342.52,4224.14,4311.60986
2023-02-21,4305.53,4311.12,4151.73,4158.04004
2023-02-22,4116.53,4162.04,4072.38,4100.58008
2023-02-23,4090.38,4197.92,4079.31,4149.12012
2023-02-24,4092.76,4116.15,4009.57,4010.65991
2023-02-27,3962.54,4043.42,3947.39,3989.83008
2023-02-28,4001.54,4033.59,3906.8,3925.06006
2023-03-01,3939.23,4207.14,3939.23,4185.62012
2023-03-02,4102.27,4152.55,4097.52,4126.31006
2023-03-03,4232.78,4254.13,4156.67,4211.31006
2023-03-06,4188.75,4234.54,4140.99,4177.25
2023-03-07,4175.43,4253.97,4080.41,4122.6001
2023-03-08,4042.62,4042.62,3954.04,3989.28003
2023-03-09,3988.32,4007.13,3930.94,3930.93994
2023-03-10,3819.32,3840.06,3754.31,3782.21997
2023-03-13,3832.17,3958.69,3828.27,3891.47998
2023-03-14,3871.84,3913.14,3765.19,3790.62012
2023-03-15,3876.08,3939.65,3839.55,3866.26001
2023-03-16,3804.69,3896.2,3785.73,3811.81006
2023-03-17,3904.43,3991.28,3879.63,3979.80005
2023-03-20,3965.79,3973.83,3821.51,3870.27002
2023-03-21,3911.79,3980.55,3870.78,3965.16992
2023-03-22,4012.63,4072.6,3992.78,4009.12988
2023-03-23,4010.85,4202.77,3990.55,4198.99023
2023-03-24,4182.93,4293.35,4171.28,4224.8501
2023-03-27,4209.71,4209.71,4081.0,4105.68994
2023-03-28,4136.67,4176.55,4089.92,4144.12012
2023-03-29,4316.6,4341.13,4232.35,4246.3501
2023-03-30,4278.02,4310.61,4198.73,4270.31982
2023-03-31,4356.89,4360.77,4278.04,4303.70996
2023-04-03,4279.53,4314.8,4233.85,4302.52002
2023-04-04,4278.8,4278.8,4185.52,4233.41992
2023-04-06,4168.31,4241.3,4157.12,4237.62988
2023-04-11,4276.91,4309.98,4178.29,4248.14014
2023-04-12,4240.2,4247.83,4143.1,4166.77002
2023-04-13,4075.12,4159.85,4054.23,4159.8501
2023-04-14,4170.78,4196.16,4114.62,4164.02979
2023-04-17,4138.5,4281.95,4124.24,4254.00977
2023-04-18,4228.41,4242.1,4180.76,4202.66992
2023-04-19,4202.32,4202.32,4086.07,4102.02002
2023-04-20,4098.37,4120.57,4081.62,4098.3501
2023-04-21,4070.64,4079.6,3944.45,3969.93994
2023-04-24,3972.71,4008.2,3901.52,3961.16992
2023-04-25,3939.09,3939.09,3785.22,3824.09009
2023-04-26,3797.36,3922.77,3795.37,3872.01001
2023-04-27,3850.03,3869.82,3820.18,3861.97998
2023-04-28,3887.97,3957.65,3884.58,3901.52002
2023-05-02,3968.87,4016.54,3863.86,3898.59009
2023-05-03,3837.92,3851.45,3785.0,3835.06006
2023-05-04,3851.72,3895.46,3827.63,3856.0
2023-05-05,3910.71,3948.28,3883.2,3895.53003
2023-05-08,3908.8,3943.58,3885.24,3914.34009
2023-05-09,3916.91,3916.91,3790.57,3798.69995
2023-05-10,3805.6,3829.21,3760.57,3811.65991
2023-05-11,3868.9,3886.91,3801.67,3862.8501
2023-05-12,3928.93,3933.05,3859.85,3874.11011
2023-05-15,3847.93,3955.58,3829.09,3925.5
2023-05-16,3990.85,3993.05,3935.16,3958.25
2023-05-17,3975.2,3977.27,3859.15,3870.09009
2023-05-18,3911.7,3957.68,3896.6,3917.09009
2023-05-19,3868.3,3872.17,3810.1,3821.72998
2023-05-22,3836.6,3942.63,3821.81,3903.58008
2023-05-23,3924.48,3947.79,3840.69,3852.44995
2023-05-24,3813.79,3827.51,3762.13,3775.92993
2023-05-25,3747.29,3768.22,3651.21,3691.15991
2023-05-29,3735.81,3751.16,3639.9,3647.26001
2023-05-30,3667.76,3709.86,3621.72,3702.12988
2023-05-31,3656.46,3656.46,3563.99,3626.72998
2023-06-01,3617.57,3723.34,3611.29,3630.87012
2023-06-02,3727.17,3843.89,3724.82,3824.28003
2023-06-05,3814.52,3852.59,3785.55,3840.77002
2023-06-06,3847.5,3908.98,3810.8,3834.34009
2023-06-07,3923.57,3946.97,3892.05,3921.02002
2023-06-08,3907.6,3914.13,3850.49,3894.30005
2023-06-09,3915.95,3949.71,3865.57,3934.21997
2023-06-12,3949.34,3957.61,3895.71,3944.66992
2023-06-13,3943.79,4059.79,3937.85,4038.19995
2023-06-14,4058.42,4117.16,4033.76,4052.68994
2023-06-15,4128.66,4199.19,4104.38,4198.31982
2023-06-16,4218.9,4271.28,4182.73,4233.49023
2023-06-19,4205.11,4220.51,4110.64,4178.25
2023-06-20,4168.84,4175.88,4050.5,4075.16992
2023-06-21,3986.52,4016.67,3950.66,3961.58008
2023-06-23,3944.81,3944.81,3847.03,3879.33008
2023-06-26,3864.16,3922.1,3849.9,3872.61011
2023-06-27,3889.34,3992.84,3886.63,3972.16992
2023-06-28,3967.29,4019.51,3918.97,4001.96997
2023-06-29,3995.81,4000.01,3901.49,3933.43994
2023-06-30,3920.82,3946.53,3888.11,3911.31006
2023-07-03,3942.62,4072.98,3942.62,4054.3501
2023-07-04,4037.24,4096.53,4014.25,4074.41992
2023-07-05,4064.18,4088.44,3998.08,4016.53003
2023-07-06,3977.15,4050.7,3908.62,3948.82007
2023-07-07,3915.6,3950.35,3851.82,3901.20996
2023-07-10,4004.99,4025.53,3919.03,3945.11011
2023-07-11,4011.82,4045.41,3975.21,4003.05005
2023-07-12,4048.73,4115.45,4035.77,4081.37012
2023-07-13,4183.47,4239.84,4176.03,4237.08984
2023-07-14,4280.46,4280.46,4200.67,4228.70996
2023-07-18,4202.4,4202.4,4119.49,4129.29004
2023-07-19,4064.7,4130.27,4023.9,4114.97022
2023-07-20,4132.32,4175.4,4051.03,4063.73999
2023-07-21,4068.09,4143.41,4047.31,4104.35986
2023-07-24,4041.43,4089.98,3989.34,4015.08008
2023-07-25,4191.53,4263.82,4169.77,4257.58008
2023-07-26,4212.77,4230.06,4180.19,4218.83008
2023-07-27,4296.23,4357.52,4287.4,4341.18994
2023-07-28,4278.65,4481.41,4272.16,4466.56982
2023-07-31,4625.61,4688.69,4530.48,4549.9502
2023-08-01,4599.84,4661.38,4505.26,4538.1001
2023-08-02,4508.85,4540.52,4366.14,4388.77002
2023-08-03,4383.01,4459.37,4367.74,4406.43994
2023-08-04,4511.22,4556.96,4444.18,4497.31006
2023-08-07,4459.16,4509.89,4413.77,4499.43018
2023-08-08,4414.35,4438.93,4361.44,4374.2002
2023-08-09,4310.59,4383.13,4302.39,4373.70996
2023-08-10,4337.68,4392.2,4297.86,4378.04004
2023-08-11,4386.43,4386.43,4261.65,4273.18994
2023-08-14,4157.98,4215.03,4123.46,4208.43018
2023-08-15,4170.09,4229.11,4156.42,4179.12988
2023-08-16,4126.57,4180.19,4114.25,4126.12988
2023-08-17,4049.27,4189.46,4023.75,4158.27979
2023-08-18,4110.85,4135.9,4002.09,4007.38989
2023-08-21,3951.17,4014.0,3911.65,3923.15991
2023-08-22,3956.41,4049.86,3910.3,4000.91992
2023-08-23,3989.86,4049.09,3950.67,4008.86011
2023-08-24,4057.07,4175.26,4046.99,4158.02002
2023-08-25,4087.11,4109.4,4054.98,4058.94995
2023-08-28,4257.21,4268.26,4118.57,4127.54004
2023-08-29,4170.47,4254.26,4153.13,4234.43018
2023-08-30,4299.73,4315.59,4175.17,4195.41016
2023-08-31,4240.07,4269.67,4154.95,4179.49023
2023-09-04,4257.6,4309.87,4236.96,4305.02002
2023-09-05,4286.28,4286.28,4184.72,4193.4502
2023-09-06,4167.77,4187.3,4116.76,4176.83984
2023-09-07,4179.95,4179.95,4082.29,4091.6499
2023-09-11,3997.62,4107.09,3983.93,4083.13989
2023-09-12,4058.24,4111.48,4031.35,4063.95996
2023-09-13,4082.26,4093.64,4024.17,4041.18994
2023-09-14,4065.08,4089.68,4028.42,4059.1499
2023-09-15,4081.47,4128.48,4028.75,4077.90991
2023-09-18,4040.57,4062.41,3987.35,3987.3501
2023-09-19,3993.65,3999.45,3942.28,3984.79004
2023-09-20,3963.66,3966.01,3903.63,3921.83008
2023-09-21,3887.64,3893.75,3827.18,3849.27002
2023-09-22,3821.31,3997.33,3821.31,3991.33008
2023-09-25,3976.02,3976.02,3873.99,3882.8999
2023-09-26,3866.42,3878.96,3794.21,3817.27002
2023-09-27,3823.81,3884.18,3821.12,3833.87012
2023-09-28,3831.32,3845.06,3760.13,3778.12012
2023-09-29,3821.55,3954.89,3811.56,3920.59009
2023-10-03,3858.66,3858.66,3788.63,3817.52002
2023-10-04,3796.17,3796.84,3732.33,3752.41992
2023-10-05,3784.72,3806.8,3751.99,3757.82007
2023-10-06,3795.16,3848.75,3791.78,3816.1499
2023-10-09,3807.06,3859.85,3799.79,3825.47998
2023-10-10,3864.33,3936.8,3864.33,3874.66992
2023-10-11,3960.67,3985.2,3935.8,3952.5
2023-10-12,4038.54,4038.54,4005.26,4019.05005
2023-10-13,3908.83,3938.42,3870.11,3879.84009
2023-10-16,3875.47,3887.14,3794.04,3811.67993
2023-10-17,3855.48,3856.36,3808.43,3836.05005
2023-10-18,3818.85,3821.98,3766.63,3771.91992
2023-10-19,3709.98,3731.52,3692.22,3700.1499
2023-10-20,3667.3,3710.06,3658.92,3662.1499
2023-10-24,3660.8,3674.46,3586.5,3622.86011
2023-10-25,3786.83,3802.39,3671.09,3700.93994
2023-10-26,3699.67,3738.98,3665.31,3712.55005
2023-10-27,3739.81,3830.38,3722.65,3806.1001
2023-10-30,3763.2,3854.31,3763.2,3854.31006
2023-10-31,3829.23,3829.23,3746.81,3759.15991
2023-11-01,3762.02,3780.15,3711.6,3752.37012
2023-11-02,3813.2,3878.05,3793.55,3813.41992
2023-11-03,3865.86,3949.75,3839.98,3937.37012
2023-11-06,4025.88,4109.63,4025.88,4098.58008
2023-11-07,4052.97,4098.76,4033.41,4055.84009
2023-11-08,4045.74,4091.47,4006.29,4020.84009
2023-11-09,4037.74,4075.03,4004.71,4024.23999
2023-11-10,3944.23,3953.45,3885.93,3892.43994
2023-11-13,3915.74,3989.76,3894.84,3981.27002
2023-11-14,4004.87,4010.06,3935.25,3951.75
2023-11-15,4078.78,4125.87,4036.39,4125.87012
2023-11-16,4169.7,4169.7,4009.64,4049.71997
2023-11-17,3983.68,4015.45,3951.92,3980.1499
2023-11-20,4030.11,4083.03,3999.51,4077.58008
2023-11-21,4137.24,4157.51,4019.44,4037.07007
2023-11-22,4034.47,4071.31,4006.62,4029.82007
2023-11-23,4038.24,4122.38,4021.16,4117.12012
2023-11-24,4085.35,4085.35,4018.41,4024.83008
2023-11-27,4063.69,4063.69,3972.03,4031.65991
2023-11-28,4035.51,4045.47,3978.14,4000.41992
2023-11-29,4004.96,4004.96,3884.03,3910.23999
2023-11-30,3904.16,3914.62,3850.3,3899.63989
2023-12-01,3885.26,3886.03,3818.94,3830.91992
2023-12-04,3842.68,3842.68,3745.6,3759.71997
2023-12-05,3744.05,3744.05,3647.42,3682.66992
2023-12-06,3691.07,3777.56,3668.18,3747.58008
2023-12-07,3719.76,3732.69,3671.15,3720.20996
2023-12-08,3720.06,3751.81,3674.49,3705.92993
2023-12-11,3657.29,3690.17,3603.52,3666.51001
2023-12-12,3686.25,3746.68,3666.16,3730.25
2023-12-13,3703.49,3711.11,3658.31,3686.20996
2023-12-14,3733.04,3771.4,3673.4,3698.57007
2023-12-15,3750.26,3841.38,3749.11,3780.68994
2023-12-18,3748.42,3763.03,3711.69,3730.65991
2023-12-19,3712.22,3730.88,3674.77,3707.76001
2023-12-20,3758.24,3768.85,3713.04,3726.5
2023-12-21,3679.13,3722.15,3662.72,3710.21997
2023-12-22,3745.31,3773.15,3527.45,3548.05005
2023-12-27,3641.18,3651.68,3597.56,3639.76001
2023-12-28,3647.17,3800.25,3640.94,3763.8999
2023-12-29,3778.02,3792.22,3725.3,3764.29004
2024-01-02,3803.44,3808.23,3694.21,3714.77002
2024-01-03,3657.96,3661.04,3623.03,3646.38989
2024-01-04,3665.15,3666.42,3616.47,3654.93994
2024-01-05,3627.15,3662.2,3572.28,3592.33008
2024-01-08,3589.35,3589.35,3467.22,3484.75
2024-01-09,3496.62,3539.58,3451.77,3454.5
2024-01-10,3444.34,3476.86,3407.08,3428.19995
2024-01-11,3434.42,3540.57,3428.99,3503.02002
2024-01-12,3476.86,3530.24,3454.61,3470.63989
2024-01-15,3459.51,3459.51,3380.59,3404.0
2024-01-16,3369.6,3413.37,3310.17,3325.92993
2024-01-17,3294.31,3294.31,3130.22,3160.0
2024-01-18,3167.4,3201.15,3123.27,3176.08008
2024-01-19,3171.01,3209.88,3101.61,3129.91992
2024-01-22,3144.87,3156.19,2994.07,3035.46997
2024-01-23,3062.22,3192.83,3047.04,3147.81006
2024-01-24,3235.1,3303.72,3150.1,3281.15991
2024-01-25,3282.02,3324.36,3220.02,3310.68994
2024-01-26,3284.66,3284.66,3175.16,3186.48999
2024-01-29,3212.25,3256.08,3179.87,3203.59009
2024-01-30,3150.24,3160.3,3086.48,3098.87012
2024-01-31,3090.45,3106.5,2984.9,3005.80005
2024-02-01,3029.81,3128.4,3011.06,3065.94995
2024-02-02,3137.01,3165.8,3015.98,3043.8999
2024-02-05,2990.29,3095.43,2987.68,3038.84009
2024-02-06,3050.53,3253.99,3050.53,3243.81006
2024-02-07,3269.13,3320.86,3172.02,3190.67993
2024-02-08,3179.11,3223.17,3148.38,3168.55005
2024-02-09,3125.37,3130.47,3072.76,3127.21997
2024-02-14,3074.87,3205.66,3052.62,3197.87012
2024-02-15,3184.07,3239.7,3156.14,3223.1001
2024-02-16,3231.28,3357.5,3205.51,3342.72998
2024-02-19,3320.13,3320.13,3236.95,3253.09009
2024-02-20,3275.64,3283.2,3201.99,3264.3999
2024-02-21,3240.26,3421.13,3221.56,3351.21997
2024-02-22,3346.69,3410.02,3315.68,3410.02002
2024-02-23,3386.22,3444.28,3363.06,3399.84009
2024-02-26,3381.35,3425.81,3374.36,3393.29004
2024-02-27,3428.89,3510.57,3366.26,3503.16992
2024-02-28,3527.83,3547.16,3420.99,3426.61011
2024-02-29,3390.88,3468.73,3390.88,3431.30005
2024-03-01,3396.36,3496.17,3387.27,3488.12988
2024-03-04,3491.32,3503.62,3433.14,3474.77002
2024-03-05,3381.88,3401.93,3317.12,3323.88989
2024-03-06,3320.58,3454.29,3320.58,3412.57007
2024-03-07,3428.32,3449.74,3323.52,3359.34009
2024-03-08,3360.96,3427.77,3360.96,3385.58008
2024-03-11,3407.11,3485.81,3407.11,3482.29004
2024-03-12,3525.98,3657.4,3501.75,3643.90991
2024-03-13,3650.75,3704.06,3640.33,3656.30005
2024-03-14,3668.56,3692.29,3574.48,3603.83008
2024-03-15,3534.14,3550.19,3487.71,3549.84009
2024-03-18,3535.49,3609.8,3522.92,3594.21997
2024-03-19,3554.15,3571.23,3514.3,3528.46997
2024-03-20,3538.65,3569.97,3493.75,3551.41992
2024-03-21,3609.64,3647.01,3572.37,3582.8999
2024-03-22,3527.3,3531.71,3424.0,3455.87988
2024-03-25,3469.3,3486.44,3421.8,3437.19995
2024-03-26,3468.62,3499.15,3428.88,3471.48999
2024-03-27,3437.61,3443.88,3380.95,3393.42993
2024-03-28,3403.95,3543.21,3403.95,3477.55005
2024-04-02,3558.92,3577.39,3525.09,3543.12012
2024-04-03,3543.75,3543.75,3450.01,3460.87012
2024-04-05,3464.55,3476.47,3381.03,3450.88989
2024-04-08,3427.68,3492.47,3413.12,3444.61011
2024-04-09,3461.42,3510.58,3454.19,3478.23999
2024-04-10,3514.39,3587.29,3511.17,3552.01001
2024-04-11,3480.3,3553.46,3480.3,3538.38989
2024-04-12,3523.71,3549.31,3472.43,3474.46997
2024-04-15,3408.05,3452.6,3392.27,3442.48999
2024-04-16,3377.33,3399.06,3318.94,3337.8501
2024-04-17,3340.71,3374.51,3306.29,3340.21997
2024-04-18,3333.75,3391.45,3301.86,3356.82007
2024-04-19,3308.77,3308.77,3233.76,3278.06006
2024-04-22,3318.19,3374.11,3292.95,3336.3501
2024-04-23,3394.36,3456.89,3376.36,3449.1001
2024-04-24,3495.13,3577.58,3474.89,3573.59009
2024-04-25,3556.41,3616.17,3526.88,3554.30005
2024-04-26,3568.44,3738.18,3568.44,3718.27002
2024-04-29,3728.66,3805.88,3706.18,3713.32007
2024-04-30,3744.19,3760.98,3681.91,3700.66992
2024-05-02,3700.23,3870.24,3683.62,3865.47998
2024-05-03,4009.96,4023.43,3922.86,3971.29004
2024-05-06,3982.25,4021.69,3952.86,4007.78003
2024-05-07,4002.76,4005.32,3909.93,3922.54004
2024-05-08,3921.1,3962.63,3859.55,3872.01001
2024-05-09,3874.44,3955.97,3868.67,3947.40991
2024-05-10,3975.75,4002.66,3899.83,3962.32007
2024-05-13,3925.19,4031.09,3906.36,4018.68994
2024-05-14,4072.89,4111.56,4038.68,4041.44995
2024-05-16,4091.59,4097.82,4024.42,4072.1499
2024-05-17,4135.36,4162.51,4073.61,4112.58984
2024-05-20,4124.36,4155.87,4111.51,4135.37988
2024-05-21,4079.11,4087.81,3963.82,3980.62988
2024-05-22,3987.62,4036.7,3957.18,3992.59009
2024-05-23,3972.81,3972.81,3882.45,3896.18994
2024-05-24,3865.17,3890.37,3780.16,3799.46997
2024-05-27,3801.72,3876.44,3751.13,3864.47998
2024-05-28,3868.15,3921.2,3839.03,3854.57007
2024-05-29,3821.11,3823.96,3747.54,3765.23999
2024-05-30,3752.11,3809.28,3735.63,3752.76001
2024-05-31,3814.42,3847.12,3684.85,3690.76001
2024-06-03,3744.43,3820.06,3740.46,3784.04004
2024-06-04,3756.14,3813.27,3756.14,3796.16992
2024-06-05,3797.23,3867.64,3786.23,3807.72998
2024-06-06,3859.91,3886.31,3813.28,3840.65991
2024-06-07,3855.81,3855.81,3755.79,3772.46997
2024-06-11,3723.44,3772.83,3696.64,3755.41992
2024-06-12,3724.16,3747.85,3682.51,3691.28003
2024-06-13,3743.45,3755.36,3696.78,3739.13989
2024-06-14,3726.97,3735.1,3697.13,3707.62012
2024-06-17,3686.11,3739.72,3666.04,3709.3501
2024-06-18,3718.85,3751.66,3682.05,3697.20996
2024-06-19,3736.26,3835.05,3728.75,3832.32007
2024-06-20,3838.32,3838.32,3753.25,3767.87988
2024-06-21,3720.72,3734.62,3674.31,3701.3999
2024-06-24,3671.57,3678.56,3619.76,3677.51001
2024-06-25,3689.43,3701.59,3624.48,3655.45996
2024-06-26,3639.75,3709.21,3634.27,3689.67993
2024-06-27,3666.5,3668.67,3580.68,3588.86011
2024-06-28,3546.7,3614.55,3546.7,3554.44995
2024-07-02,3538.13,3596.2,3521.5,3539.12988
2024-07-03,3564.64,3638.23,3553.24,3626.92993
2024-07-04,3692.42,3710.87,3634.59,3649.66992
2024-07-05,3649.82,3666.8,3577.29,3596.80005
2024-07-08,3589.7,3621.36,3545.76,3566.62988
2024-07-09,3562.73,3624.56,3539.6,3600.8999
2024-07-10,3639.26,3679.96,3596.58,3600.48999
2024-07-11,3637.7,3703.7,3633.46,3696.48999
2024-07-12,3746.43,3787.33,3736.31,3782.08008
2024-07-15,3736.34,3747.86,3661.1,3672.58008
2024-07-16,3626.02,3641.16,3600.35,3622.84009
2024-07-17,3638.92,3678.67,3617.08,3640.87988
2024-07-18,3598.75,3640.12,3571.76,3613.12988
2024-07-19,3571.22,3589.28,3527.52,3536.54004
2024-07-22,3550.52,3625.8,3532.28,3610.70996
2024-07-23,3634.67,3639.61,3537.28,3545.09009
2024-07-24,3539.9,3561.64,3469.42,3491.19995
2024-07-25,3461.91,3467.24,3408.05,3421.26001
2024-07-26,3443.65,3476.47,3410.75,3443.72998
2024-07-29,3491.95,3509.46,3455.01,3466.6001
2024-07-30,3464.69,3464.69,3401.82,3414.04004
2024-07-31,3419.78,3535.14,3411.49,3516.87012
2024-08-01,3503.51,3518.85,3461.8,3476.58008
2024-08-02,3417.5,3435.91,3356.8,3385.6001
2024-08-05,3333.7,3426.32,3272.06,3339.41992
2024-08-06,3392.21,3409.6,3322.3,3342.52002
2024-08-07,3361.6,3419.36,3346.18,3382.41992
2024-08-08,3346.91,3422.3,3317.85,3366.67993
2024-08-09,3436.69,3483.23,3429.05,3436.80005
2024-08-12,3438.01,3448.67,3392.7,3429.84009
2024-08-13,3428.85,3453.13,3399.01,3429.68994
2024-08-14,3447.65,3453.13,3384.28,3395.69995
2024-08-15,3371.9,3434.14,3347.21,3384.37988
2024-08-16,3437.54,3469.42,3416.76,3459.09009
2024-08-19,3516.36,3563.68,3511.14,3517.09009
2024-08-20,3556.74,3556.74,3484.92,3498.08008
2024-08-21,3401.96,3437.84,3378.65,3434.38989
2024-08-22,3490.29,3513.66,3436.98,3508.61011
2024-08-23,3451.18,3474.96,3435.28,3468.93994
2024-08-26,3490.43,3522.48,3479.4,3502.95996
2024-08-27,3455.61,3501.7,3438.76,3501.29004
2024-08-28,3478.9,3488.3,3425.73,3445.45996
2024-08-29,3388.7,3467.11,3365.47,3461.21997
2024-08-30,3476.13,3614.68,3470.22,3560.61011
2024-09-02,3539.86,3539.86,3477.95,3486.3999
2024-09-03,3486.02,3534.69,3472.02,3496.48999
2024-09-04,3467.45,3496.4,3439.94,3482.84009
2024-09-05,3479.47,3505.65,3461.11,3487.80005
2024-09-09,3450.98,3454.45,3410.82,3436.75
2024-09-10,3448.75,3467.59,3403.55,3450.72998
2024-09-11,3416.76,3457.0,3416.76,3450.91992
2024-09-12,3479.79,3508.06,3473.66,3475.25
2024-09-13,3477.38,3528.77,3475.52,3479.80005
2024-09-16,3454.69,3497.45,3422.82,3497.44995
2024-09-17,3482.67,3545.31,3472.9,3536.57007
2024-09-19,3539.08,3669.72,3528.21,3651.56006
2024-09-20,3649.32,3744.31,3638.47,3703.84009
2024-09-23,3699.23,3761.17,3688.69,3698.27002
2024-09-24,3785.98,3916.69,3755.15,3915.58008
2024-09-25,4063.51,4063.51,3907.06,3924.44995
2024-09-26,3983.38,4222.65,3964.86,4209.70996
2024-09-27,4340.07,4516.58,4308.47,4453.24023
2024-09-30,4648.26,4841.82,4539.56,4751.81006
2024-10-02,4840.08,5252.53,4840.08,5157.08008
2024-10-03,5117.37,5118.05,4773.13,4978.64014
2024-10-04,4941.96,5233.98,4885.22,5227.12988
2024-10-07,5298.43,5451.53,5236.09,5386.47998
2024-10-08,5293.05,5293.05,4611.45,4695.81006
2024-10-09,4819.86,4908.88,4502.93,4640.75
2024-10-10,4772.82,4862.17,4675.69,4736.1001
2024-10-14,4702.61,4723.73,4512.14,4668.18018
2024-10-15,4654.12,4682.83,4405.29,4450.9502
2024-10-16,4391.14,4482.95,4368.95,4402.37012
2024-10-17,4449.39,4547.31,4319.17,4349.77002
2024-10-18,4337.24,4661.64,4329.92,4600.8501
2024-10-21,4580.65,4637.44,4483.22,4491.8999
2024-10-22,4508.46,4565.24,4476.88,4521.62988
2024-10-23,4527.01,4669.85,4506.28,4605.62012
2024-10-24,4543.32,4570.36,4473.35,4483.99023
2024-10-25,4492.6,4593.12,4492.6,4538.02979
2024-10-28,4563.74,4601.07,4516.73,4574.06982
2024-10-29,4648.47,4701.0,4601.52,4623.83984
2024-10-30,4581.18,4610.33,4491.61,4513.68018
2024-10-31,4527.34,4578.4,4499.15,4499.1499
2024-11-01,4504.48,4548.66,4454.93,4483.91016
2024-11-04,4512.24,4554.36,4501.09,4532.18018
2024-11-05,4486.17,4694.48,4486.17,4693.8501
2024-11-06,4646.37,4667.9,4525.36,4574.5
2024-11-07,4532.54,4687.5,4508.4,4677.64014
2024-11-08,4786.41,4838.38,4658.69,4668.25977
2024-11-11,4524.49,4670.15,4524.49,4651.70996
2024-11-12,4627.54,4680.41,4442.54,4456.85986
2024-11-13,4393.88,4461.15,4363.62,4455.66992
2024-11-14,4388.38,4463.34,4294.34,4318.31982
2024-11-15,4322.0,4394.32,4288.01,4327.83984
2024-11-18,4379.19,4405.57,4318.19,4341.52979
2024-11-19,4381.92,4413.08,4341.87,4395.04004
2024-11-20,4372.37,4436.01,4364.57,4413.08008
2024-11-21,4393.04,4417.09,4347.05,4358.1499
2024-11-22,4366.18,4400.54,4226.58,4246.2002
2024-11-25,4275.4,4287.7,4195.27,4235.31006
2024-11-26,4203.9,4265.98,4203.9,4221.99023
2024-11-27,4233.08,4394.02,4188.74,4374.43994
2024-11-28,4379.81,4379.81,4301.36,4307.75
2024-11-29,4309.31,4431.75,4304.34,4353.54981
2024-12-02,4355.64,4425.39,4343.37,4405.9502
2024-12-03,4413.91,4433.95,4342.7,4417.99023
2024-12-04,4428.08,4444.9,4381.72,4404.04004
2024-12-05,4366.96,4388.43,4347.1,4370.22022
2024-12-06,4387.48,4472.69,4352.64,4464.6499
2024-12-09,4429.05,4664.33,4416.38,4656.79981
2024-12-10,4854.34,4854.34,4588.16,4591.93994
2024-12-11,4613.12,4646.55,4511.77,4531.58008
2024-12-12,4551.33,4659.95,4521.73,4600.81982
2024-12-13,4554.23,4567.79,4458.21,4479.6001
2024-12-16,4480.32,4503.39,4391.73,4414.7002
2024-12-17,4387.62,4472.97,4360.96,4389.08008
2024-12-18,4453.89,4489.4,4432.4,4468.8501
2024-12-19,4393.09,4469.47,4388.02,4439.47022
2024-12-20,4432.72,4487.66,4429.6,4444.18994
2024-12-23,4481.46,4497.18,4437.59,4457.8501
2024-12-24,4468.71,4528.57,4459.54,4507.6499
2024-12-27,4524.99,4578.15,4517.96,4538.58984
2024-12-30,4546.01,4557.06,4484.78,4500.6001
2024-12-31,4484.54,4507.55,4468.11,4468.10986
2025-01-02,4436.74,4447.02,4347.09,4357.52979
2025-01-03,4383.53,4453.29,4337.98,4403.12012
2025-01-06,4432.58,4447.96,4377.26,4395.08008
2025-01-07,4352.61,4403.19,4275.81,4354.79981
2025-01-08,4351.86,4371.32,4252.04,4307.3999
2025-01-09,4304.76,4367.61,4296.09,4311.54004
2025-01-10,4335.01,4360.09,4251.77,4260.81982
2025-01-13,4222.99,4238.0,4168.04,4221.91992
2025-01-14,4227.99,4380.41,4227.43,4352.04004
2025-01-15,4329.76,4387.1,4315.24,4363.79004
2025-01-16,4423.63,4489.47,4361.22,4417.37012
2025-01-17,4410.14,4492.85,4392.29,4479.18994
2025-01-20,4554.6,4638.85,4542.63,4595.2002
2025-01-21,4650.62,4722.07,4608.0,4693.72022
2025-01-22,4644.5,4669.78,4560.61,4581.08984
2025-01-23,4615.0,4659.78,4496.56,4515.47998
2025-01-24,4545.34,4675.81,4538.72,4657.60986
2025-01-27,4706.36,4751.66,4667.56,4687.33984
2025-01-28,4723.61,4731.86,4678.52,4723.62988
2025-02-03,4699.47,4741.5,4572.6,4737.45996
2025-02-04,4828.96,4981.91,4821.49,4977.37988
2025-02-05,4975.78,4975.78,4845.33,4930.2002
2025-02-06,4926.54,5059.38,4918.92,5059.37988
2025-02-07,5051.92,5203.93,5038.31,5150.3501
2025-02-10,5187.88,5296.22,5187.11,5286.66016
2025-02-11,5307.29,5307.29,5133.62,5142.31006
2025-02-12,5214.32,5281.72,5155.0,5281.18018
2025-02-13,5321.63,5503.4,5201.34,5235.27979
2025-02-14,5310.37,5526.22,5300.01,5526.22022
2025-02-17,5599.12,5656.44,5394.26,5499.25977
2025-02-18,5519.19,5696.46,5494.27,5639.04981
2025-02-19,5576.09,5676.37,5510.92,5672.24023
2025-02-20,5610.81,5652.08,5466.24,5500.02002
2025-02-21,5684.94,5859.3,5605.26,5859.29981
2025-02-24,5864.55,5904.3,5740.13,5789.52002
2025-02-25,5540.42,5814.7,5537.54,5698.81982
2025-02-26,5763.62,6023.79,5760.25,5953.79004
2025-02-27,5963.87,6085.13,5764.73,5881.00977
2025-02-28,5862.98,5862.98,5511.45,5568.14014
2025-03-03,5631.89,5701.09,5460.6,5535.85986
2025-03-04,5400.15,5590.14,5358.76,5535.64014
2025-03-05,5618.34,5770.8,5565.54,5757.93994
2025-03-06,5919.53,6090.37,5919.53,6068.77002
2025-03-07,6003.72,6195.4,5952.52,6037.43994
2025-03-10,6016.34,6076.28,5819.12,5885.49023
2025-03-11,5728.87,5991.32,5715.54,5967.22998
2025-03-12,6032.27,6075.31,5756.07,5845.35986
2025-03-13,5867.63,5881.64,5644.68,5747.77002
2025-03-14,5826.21,5920.03,5714.6,5880.77979
2025-03-17,5920.63,5943.6,5822.02,5872.81006
2025-03-18,6038.3,6105.5,5980.77,6105.5
2025-03-19,6043.94,6096.9,5979.49,6041.18994
2025-03-20,6031.56,6031.56,5822.74,5836.27979
2025-03-21,5799.08,5854.78,5614.56,5639.56006
2025-03-24,5664.86,5762.83,5596.2,5736.83008
2025-03-25,5638.72,5671.59,5502.48,5517.52002
2025-03-26,5537.45,5606.98,5522.89,5573.04004
2025-03-27,5588.57,5706.34,5495.53,5589.12012
2025-03-28,5605.34,5649.15,5455.21,5506.47022
2025-03-31,5439.5,5470.53,5335.85,5394.72022
2025-04-01,5441.99,5517.76,5395.9,5407.37988
2025-04-02,5398.7,5506.56,5359.83,5426.43994
2025-04-03,5257.91,5371.54,5250.64,5313.25977
2025-04-07,4721.03,4840.03,4363.55,4401.50977
2025-04-08,4547.38,4664.7,4415.76,4568.37988
2025-04-09,4373.62,4753.49,4296.16,4689.18994
2025-04-10,4875.02,4998.49,4765.5,4813.74023
2025-04-11,4787.95,4987.08,4746.34,4900.43018
2025-04-14,5053.59,5077.88,4977.77,5015.12012
2025-04-15,5057.81,5057.81,4916.57,4981.6001
2025-04-16,4908.68,4919.26,4735.35,4796.27979
2025-04-17,4790.56,4910.57,4774.46,4887.37012
2025-04-22,4854.75,4919.74,4792.59,4899.20996
2025-04-23,5070.75,5079.37,4978.5,5049.3999
2025-04-24,5045.2,5064.65,4921.53,4975.89014
2025-04-25,5037.91,5082.97,4965.75,4982.95996
2025-04-28,5011.61,5016.25,4954.49,4988.93994
2025-04-29,5022.3,5089.21,4976.68,5019.72998
2025-04-30,5030.08,5091.46,4995.41,5087.41992
2025-05-02,5112.09,5264.91,5079.01,5244.06006
2025-05-06,5243.06,5269.04,5179.01,5239.5
2025-05-07,5382.09,5396.54,5198.63,5200.04004
2025-05-08,5185.7,5293.57,5175.0,5228.91016
2025-05-09,5225.6,5225.6,5117.57,5180.25
2025-05-12,5291.67,5500.89,5215.13,5447.3501
2025-05-13,5431.61,5431.61,5253.63,5269.66016
2025-05-14,5352.68,5396.46,5319.53,5381.77979
2025-05-15,5374.16,5398.95,5274.39,5297.83984
2025-05-16,5247.34,5299.16,5235.53,5281.33984
2025-05-19,5227.54,5282.03,5162.83,5255.06006
2025-05-20,5266.61,5337.21,5243.02,5315.56006
2025-05-21,5330.25,5373.36,5317.53,5342.41016
2025-05-22,5336.47,5344.69,5224.25,5251.75
2025-05-23,5255.49,5310.47,5217.21,5246.87012
2025-05-26,5229.96,5233.97,5138.85,5157.6499
2025-05-27,5130.9,5192.2,5102.18,5182.6001
2025-05-28,5209.46,5218.62,5145.35,5174.64014
2025-05-29,5177.62,5320.36,5161.15,5301.91992
2025-05-30,5234.93,5235.13,5145.07,5170.43018
2025-06-02,5101.67,5137.06,5009.66,5134.10986
2025-06-03,5162.05,5215.65,5154.64,5189.49023
2025-06-04,5171.78,5249.97,5170.12,5219.02002
2025-06-05,5269.58,5321.98,5251.68,5319.95996
2025-06-06,5327.04,5327.04,5245.45,5286.52002
2025-06-09,5337.75,5457.59,5335.82,5433.22998
2025-06-10,5455.63,5455.63,5335.16,5392.18994
2025-06-11,5403.96,5484.63,5399.42,5451.2002
2025-06-12,5389.56,5405.4,5319.98,5331.33008
2025-06-13,5280.57,5314.56,5192.45,5239.70996
2025-06-16,5207.61,5328.2,5185.65,5299.91016
2025-06-17,5314.09,5339.13,5258.11,5291.8501
2025-06-18,5261.42,5261.42,5194.49,5214.41016
2025-06-19,5187.07,5196.76,5071.54,5088.31982
2025-06-20,5103.67,5133.14,5089.6,5133.14014
2025-06-23,5077.86,5189.03,5053.74,5187.00977
2025-06-24,5236.95,5326.63,5236.95,5297.95996
2025-06-25,5345.49,5393.06,5323.5,5359.02002
2025-06-26,5331.29,5381.72,5306.8,5345.16016
2025-06-27,5363.68,5393.99,5323.86,5341.43018
2025-06-30,5351.99,5380.49,5297.63,5302.81982
2025-07-02,5359.67,5362.18,5256.22,5269.10986
2025-07-03,5277.1,5279.69,5192.12,5233.70996
2025-07-04,5194.33,5277.86,5129.52,5216.25977
2025-07-07,5192.47,5236.09,5157.28,5229.56006
2025-07-08,5244.31,5328.53,5235.95,5325.9502
2025-07-09,5300.65,5300.65,5217.75,5231.99023
2025-07-10,5218.31,5240.13,5190.39,5216.6001
2025-07-11,5202.21,5328.93,5202.21,5248.47998
2025-07-14,5240.48,5298.2,5226.63,5283.5
2025-07-15,5297.89,5435.94,5273.45,5431.29004
2025-07-16,5479.44,5531.27,5414.91,5418.3999
2025-07-17,5417.48,5471.47,5401.41,5448.8501
2025-07-18,5520.07,5550.49,5473.54,5538.83008
2025-07-21,5604.06,5604.06,5537.83,5585.5
2025-07-22,5589.82,5613.47,5552.32,5606.83008
2025-07-23,5675.95,5759.51,5624.91,5745.74023
2025-07-24,5730.8,5802.88,5729.35,5743.0
2025-07-25,5713.59,5713.59,5641.22,5677.8999
2025-07-28,5699.07,5705.04,5639.12,5664.02002
2025-07-29,5631.56,5649.42,5550.62,5644.37988
2025-07-30,5540.85,5591.71,5466.0,5490.75977
2025-07-31,5458.8,5519.44,5418.1,5453.14014
2025-08-01,5447.96,5489.83,5397.4,5397.3999
2025-08-04,5361.98,5489.99,5350.7,5481.25
2025-08-05,5489.47,5521.07,5471.26,5521.06982
2025-08-06,5503.81,5545.81,5478.02,5532.16992
2025-08-07,5546.84,5571.93,5484.33,5546.72998
2025-08-08,5500.85,5509.05,5449.73,5460.29981
2025-08-11,5470.92,5477.51,5420.02,5460.02002
2025-08-12,5427.81,5459.43,5397.85,5439.16016
2025-08-13,5490.46,5630.78,5487.42,5630.77979
2025-08-14,5669.47,5669.47,5557.74,5576.02979
2025-08-15,5509.09,5546.76,5495.26,5543.16992
2025-08-18,5565.54,5671.34,5565.54,5579.18018
2025-08-19,5592.3,5594.97,5524.1,5542.02979
2025-08-20,5500.58,5561.76,5468.33,5541.27002
2025-08-21,5539.65,5539.65,5469.66,5498.5
2025-08-22,5553.03,5649.62,5524.34,5647.68018
2025-08-25,5731.7,5847.95,5731.7,5825.08984
2025-08-26,5780.95,5853.85,5755.81,5782.24023
2025-08-27,5814.33,5856.4,5679.11,5697.52979
2025-08-28,5641.28,5675.84,5566.87,5644.02002
2025-08-29,5689.24,5734.52,5628.2,5674.31006
2025-09-01,5792.25,5820.39,5747.34,5798.95996
2025-09-02,5792.84,5798.76,5690.81,5728.45996
2025-09-03,5785.33,5799.78,5665.64,5683.74023
2025-09-04,5725.64,5725.98,5553.61,5578.85986
2025-09-05,5602.56,5709.74,5585.88,5687.4502
2025-09-08,5693.99,5766.43,5666.09,5753.75
2025-09-09,5786.76,5863.49,5768.89,5828.74023
2025-09-10,5869.81,5957.48,5862.38,5902.68994
2025-09-11,5845.38,5931.55,5805.07,5888.77002
2025-09-12,6004.74,6042.61,5976.52,5989.27002
2025-09-15,5982.4,6077.71,5972.97,6043.60986
2025-09-16,6070.77,6116.9,6010.44,6077.66016
2025-09-17,6133.1,6351.52,6133.1,6334.24023
2025-09-18,6334.32,6461.04,6179.19,6271.22022
2025-09-19,6298.91,6367.98,6228.73,6294.41992
2025-09-22,6251.88,6284.5,6204.47,6257.91016
2025-09-23,6271.36,6274.09,6093.39,6167.06006
2025-09-24,6133.64,6331.86,6114.37,6323.1499
2025-09-25,6314.74,6448.64,6304.56,6379.18994
2025-09-26,6317.6,6357.43,6172.25,6195.10986
2025-09-29,6236.69,6338.74,6236.69,6324.25
2025-09-30,6345.96,6475.92,6326.61,6465.66016
2025-10-02,6483.22,6715.46,6481.58,6682.85986
2025-10-03,6653.26,6665.56,6561.09,6622.8501
2025-10-06,6548.8,6604.6,6508.43,6550.29981
2025-10-08,6543.4,6543.4,6405.16,6514.18994
2025-10-09,6540.81,6605.73,6417.81,6471.33984
2025-10-10,6380.88,6380.88,6241.75,6259.75
2025-10-13,6107.65,6199.16,5952.83,6145.50977
2025-10-14,6180.08,6205.98,5894.47,5923.25977
2025-10-15,6000.9,6095.18,5939.48,6075.27002
2025-10-16,6066.47,6094.72,5940.72,6003.56006
2025-10-17,5999.48,5999.48,5732.75,5760.37988
2025-10-20,5984.8,5984.8,5887.81,5933.16992
2025-10-21,6042.07,6115.0,5999.0,6007.93994
2025-10-22,5958.63,5979.51,5867.12,5923.08984
2025-10-23,5882.92,5992.66,5818.47,5951.4502
2025-10-24,6032.41,6066.36,5994.59,6059.89014
2025-10-27,6184.65,6184.74,6098.81,6171.08008
2025-10-28,6198.68,6198.68,6070.05,6093.43994
2025-10-30,6125.63,6162.47,5991.08,6051.75977
2025-10-31,6012.57,6014.49,5908.08,5908.08008
2025-11-03,5936.28,5948.84,5855.16,5922.47998
2025-11-04,5911.07,5961.02,5798.75,5818.29004
2025-11-05,5716.54,5805.55,5651.15,5785.8501
2025-11-06,5822.19,5955.13,5792.95,5944.22022
2025-11-07,5894.98,5899.5,5817.64,5837.35986
2025-11-10,5858.41,5924.48,5803.22,5915.56006
2025-11-11,5962.02,5970.68,5856.72,5924.39014
2025-11-12,5939.69,5973.6,5876.72,5933.99023
2025-11-13,5885.22,6025.53,5869.96,5981.29981
2025-11-14,5848.48,5907.94,5795.8,5812.79981
2025-11-17,5771.51,5834.38,5721.83,5756.87988
2025-11-18,5684.81,5739.13,5613.99,5645.72998
2025-11-19,5666.89,5688.05,5579.31,5606.8999
2025-11-20,5646.28,5660.53,5510.11,5574.58984
2025-11-21,5451.51,5475.45,5361.74,5395.49023
2025-11-24,5456.61,5565.53,5410.07,5545.56006
2025-11-25,5624.61,5671.55,5559.13,5612.02979
2025-11-26,5649.77,5669.58,5609.86,5618.35986
2025-11-27,5613.0,5679.45,5587.74,5598.04981
2025-11-28,5622.36,5631.27,5571.31,5599.10986
2025-12-01,5611.02,5666.28,5584.96,5644.75977
2025-12-02,5687.49,5689.06,5596.5,5624.04004
2025-12-03,5595.53,5600.88,5524.25,5534.91992
2025-12-04,5546.3,5643.23,5501.88,5615.43018
2025-12-05,5592.19,5686.01,5552.03,5662.45996
2025-12-08,5666.99,5706.54,5644.67,5662.54981
2025-12-09,5656.07,5668.24,5543.83,5554.68018
2025-12-10,5552.35,5582.96,5502.17,5581.1001
2025-12-11,5611.93,5626.77,5516.21,5534.58984
2025-12-12,5591.15,5649.28,5549.64,5638.04981
2025-12-15,5562.67,5582.46,5494.31,5498.41992
2025-12-16,5467.76,5480.59,5348.31,5402.50977
2025-12-17,5407.36,5479.99,5381.73,5457.9502
2025-12-18,5397.34,5432.9,5367.13,5418.29004
2025-12-19,5461.92,5505.14,5432.41,5479.04004
2025-12-22,5512.54,5552.72,5498.85,5526.83008
2025-12-23,5534.54,5534.54,5466.63,5488.89014
2025-12-24,5492.83,5523.28,5484.11,5499.29981
2025-12-29,5547.79,5619.63,5483.01,5483.00977
2025-12-30,5503.61,5597.87,5503.61,5578.37988
2025-12-31,5566.24,5581.97,5493.15,5515.97998
2026-01-02,5547.85,5753.28,5530.99,5736.43994
2026-01-05,5755.28,5786.6,5707.73,5741.63
2026-01-06,5787.01,5875.32,5784.54,5825.25977
2026-01-07,5809.01,5810.83,5687.01,5738.52002
2026-01-08,5713.53,5713.53,5614.59,5678.33984
2026-01-09,5699.97,5737.22,5661.28,5687.14014
2026-01-12,5737.43,5863.61,5698.16,5863.2002
2026-01-13,5976.22,6001.02,5827.58,5869.79004
2026-01-14,5894.63,5965.61,5837.53,5908.25977
2026-01-15,5875.78,5903.23,5788.09,5828.3501
2026-01-16,5883.37,5894.76,5791.76,5822.18018
2026-01-19,5777.07,5803.51,5741.51,5749.97998
2026-01-20,5737.11,5762.89,5662.19,5683.43994
2026-01-21,5643.62,5783.73,5641.33,5746.29981
2026-01-22,5795.0,5807.16,5712.75,5762.43994
2026-01-23,5817.51,5822.78,5757.29,5798.00977
2026-01-26,5801.15,5801.15,5686.47,5725.99023
2026-01-27,5734.9,5769.03,5682.78,5754.72022
2026-01-28,5786.66,5901.32,5772.67,5900.16016
2026-01-29,5853.59,5898.72,5805.6,5841.1001
2026-01-30,5789.49,5801.1,5716.52,5718.18018
2026-02-02,5644.38,5644.38,5470.01,5526.31006
2026-02-03,5563.79,5579.3,5338.5,5467.25977
2026-02-04,5419.93,5432.47,5320.72,5366.43994
2026-02-05,5295.89,5421.74,5267.63,5406.12988
2026-02-06,5275.12,5397.32,5275.12,5346.2002
2026-02-09,5447.63,5459.9,5392.32,5417.6001
2026-02-10,5461.96,5522.5,5441.48,5451.02979
2026-02-11,5462.7,5521.81,5450.21,5499.99023
2026-02-12,5474.25,5476.48,5393.12,5408.97998
2026-02-13,5323.14,5381.69,5310.84,5360.41992
2026-02-16,5350.25,5368.23,5253.64,5367.52002
2026-02-20,5330.61,5341.72,5211.5,5211.5
2026-02-23,5303.5,5420.96,5303.5,5385.3501
2026-02-24,5330.26,5330.26,5239.69,5270.7002
2026-02-25,5316.09,5325.58,5252.2,5260.5
2026-02-26,5284.51,5284.51,5109.33,5109.33008
2026-02-27,5117.24,5185.26,5100.17,5137.83984
2026-03-02,5046.4,5088.25,4966.85,4989.37012
2026-03-03,5018.4,5031.42,4859.54,4876.52979
2026-03-04,4816.2,4881.69,4750.18,4829.5
2026-03-05,4907.05,4916.24,4769.92,4796.33008
2026-03-06,4818.81,4977.08,4798.23,4947.5
2026-03-09,4760.16,4947.49,4760.16,4941.72998
2026-03-10,5040.8,5060.53,4960.79,5060.52979
2026-03-11,5104.58,5124.55,5035.9,5054.8501
2026-03-12,5024.53,5088.59,4973.32,5027.64014
2026-03-13,5006.29,5046.29,4963.02,4978.08008
2026-03-16,4988.47,5127.25,4935.85,5111.77979
2026-03-17,5137.33,5232.33,5094.32,5107.64014
2026-03-18,5112.97,5136.02,5053.74,5108.29981
2026-03-19,5000.99,5069.24,4981.92,4996.27979
2026-03-20,4948.04,4997.7,4835.87,4872.37988
2026-03-23,4780.04,4806.61,4657.55,4712.47998
2026-03-24,4773.58,4840.61,4693.49,4830.89014
2026-03-25,4878.64,4955.47,4806.72,4922.93994
2026-03-26,4889.55,4902.42,4745.55,4761.54004
2026-03-27,4740.78,4836.78,4722.5,4778.00977
2026-03-30,4645.26,4727.42,4619.67,4690.08008
