date,action,grid,price,shares,cost,position
2020-02-28,BUY,月末补,0.973,3100,3020.18,3100
2020-03-13,BUY,G1,0.9603,900,865.41,4000
2020-03-13,BUY,G2,0.9603,900,865.41,4900
2020-03-13,BUY,G1,0.9507,900,856.75,5800
2020-03-13,BUY,G2,0.9507,900,856.75,6700
2020-03-13,BUY,G1,0.9412,900,848.19,7600
2020-03-13,BUY,G2,0.9412,900,848.19,8500
2020-03-13,BUY,G1,0.9318,900,839.71,9400
2020-03-13,BUY,G2,0.9318,900,839.71,10300
2020-03-13,BUY,G1,0.9225,900,831.31,11200
2020-03-13,BUY,G2,0.9225,900,831.31,12100
2020-03-13,BUY,G1,0.9132,900,823.0,13000
2020-03-13,BUY,G2,0.9132,900,823.0,13900
2020-03-13,BUY,G1,0.9041,900,814.77,14800
2020-03-13,BUY,G2,0.9041,900,814.77,15700
2020-03-13,BUY,G1,0.8951,900,806.62,16600
2020-03-13,BUY,G2,0.8951,900,806.62,17500
2020-04-30,BUY,月末补,0.951,3200,3047.12,20700
2020-05-29,BUY,月末补,0.922,3300,3046.52,24000
2020-06-30,BUY,月末补,0.932,3200,2986.24,27200
2020-07-07,SELL,G1,1.0741,900,-966.57,26300
2020-07-07,BUY,G1,1.0633,900,958.25,27200
2020-07-07,BUY,G1,1.0527,900,948.67,28100
2020-07-07,BUY,G1,1.0422,900,939.18,29000
2020-07-13,BUY,G1,1.0318,900,929.79,29900
2020-07-16,BUY,G1,1.0214,900,920.49,30800
2020-07-17,BUY,G1,1.0112,900,911.29,31700
2020-08-31,BUY,月末补,1.074,2800,3011.07,34500
2020-09-30,BUY,月末补,1.036,2900,3008.27,37400
2020-10-30,BUY,月末补,1.049,2900,3046.02,40300
2020-11-30,BUY,月末补,1.137,2600,2960.0,42900
2020-12-15,BUY,G1,1.0011,900,902.18,43800
2020-12-31,BUY,月末补,1.09,1900,2073.67,45700
2021-01-29,BUY,月末补,1.096,2700,2963.01,48400
2021-02-26,BUY,月末补,1.148,2600,2988.64,51000
2021-03-12,SELL,G1,1.2013,900,-1081.1,50100
2021-03-19,BUY,G1,1.1893,900,1071.77,51000
2021-03-26,BUY,G1,1.1774,900,1061.05,51900
2021-03-31,BUY,月末补,1.212,1600,1941.7,53500
2021-04-07,BUY,G1,1.1656,900,1050.44,54400
2021-04-30,BUY,月末补,1.175,1700,2000.07,56100
2021-05-31,BUY,月末补,1.199,2500,3001.36,58600
2021-06-30,BUY,月末补,1.205,2500,3016.38,61100
2021-07-27,BUY,G1,1.154,900,1039.94,62000
2021-07-27,BUY,G1,1.1425,900,1029.54,62900
2021-07-29,BUY,G1,1.131,900,1019.25,63800
2021-08-31,BUY,月末补,1.202,2500,3008.87,66300
2021-09-03,SELL,G2,1.2531,900,-1127.68,65400
2021-09-23,SELL,G1,1.3572,900,-1221.4,64500
2021-09-23,BUY,G1,1.3437,900,1210.85,65400
2021-09-24,BUY,G1,1.3302,900,1198.74,66300
2021-09-24,BUY,G1,1.3169,900,1186.76,67200
2021-09-27,BUY,G1,1.3038,900,1174.89,68100
2021-09-27,BUY,G1,1.2907,900,1163.14,69000
2021-10-12,BUY,G1,1.2778,900,1151.51,69900
2021-10-13,BUY,G1,1.265,900,1139.99,70800
2021-10-15,BUY,G1,1.2524,900,1128.59,71700
2021-10-28,BUY,G2,1.2406,900,1117.94,72600
2021-10-28,BUY,G1,1.2399,900,1117.31,73500
2021-10-29,BUY,G2,1.2282,900,1106.76,74400
2021-10-29,BUY,G1,1.2275,900,1106.14,75300
2021-11-02,BUY,G1,1.2152,900,1095.08,76200
2021-11-02,BUY,G2,1.2159,900,1095.7,77100
2021-11-05,BUY,G2,1.2037,900,1084.74,78000
2021-11-05,BUY,G1,1.203,900,1084.13,78900
2021-11-08,BUY,G2,1.1917,900,1073.89,79800
2021-11-08,BUY,G1,1.191,900,1073.29,80700
2021-11-10,BUY,G2,1.1798,900,1063.16,81600
2021-11-10,BUY,G1,1.1791,900,1062.56,82500
2021-12-31,BUY,月末补,1.301,2300,2996.15,84800
2022-01-28,BUY,月末补,1.274,2400,3061.54,87200
2022-02-28,BUY,月末补,1.285,2300,2959.3,89500
2022-03-16,BUY,G2,1.168,900,1052.52,90400
2022-03-16,BUY,G1,1.1673,900,1051.93,91300
2022-03-31,BUY,月末补,1.28,700,897.18,92000
2022-04-29,BUY,月末补,1.264,2400,3037.5,94400
2022-05-31,BUY,月末补,1.247,2400,2996.65,96800
2022-06-30,BUY,月末补,1.268,2400,3047.12,99200
2022-07-29,BUY,月末补,1.231,2400,2958.2,101600
2022-08-31,BUY,月末补,1.238,2400,2975.02,104000
2022-09-30,BUY,月末补,1.207,2500,3021.38,106500
2022-10-31,BUY,G2,1.1563,900,1042.0,107400
2022-10-31,BUY,G1,1.1556,900,1041.41,108300
2022-10-31,BUY,月末补,1.155,800,925.21,109100
2022-11-30,BUY,月末补,1.274,2400,3061.54,111500
2022-12-30,BUY,月末补,1.253,2400,3011.07,113900
2023-01-31,BUY,月末补,1.291,2300,2973.12,116200
2023-02-28,BUY,月末补,1.32,2300,3039.91,118500
2023-03-06,SELL,G1,1.3868,900,-1247.97,117600
2023-03-06,BUY,G1,1.3729,900,1237.19,118500
2023-03-06,BUY,G1,1.3592,900,1224.81,119400
2023-03-08,BUY,G1,1.3456,900,1212.57,120300
2023-03-31,BUY,月末补,1.384,400,554.36,120700
2023-04-28,BUY,月末补,1.467,2000,2937.78,122700
2023-05-31,BUY,月末补,1.447,2100,3042.61,124800
2023-06-30,BUY,月末补,1.469,2000,2941.78,126800
2023-07-31,BUY,月末补,1.534,2000,3071.95,128800
2023-08-31,BUY,月末补,1.482,2000,2967.81,130800
2023-09-28,BUY,月末补,1.505,2000,3013.87,132800
2023-10-31,BUY,月末补,1.457,2100,3063.64,134900
2023-11-30,BUY,月末补,1.451,2100,3051.02,137000
2023-12-29,BUY,月末补,1.43,2100,3006.86,139100
2024-01-31,BUY,月末补,1.496,2000,2995.85,141100
2024-02-29,BUY,月末补,1.557,1900,2962.11,143000
2024-03-29,BUY,月末补,1.56,1900,2967.81,144900
2024-04-16,SELL,G1,1.6147,900,-1453.08,144000
2024-04-16,SELL,G2,1.6188,900,-1456.79,143100
2024-04-17,BUY,G2,1.6026,900,1444.2,144000
2024-04-17,BUY,G1,1.5985,900,1440.53,144900
2024-04-29,BUY,G2,1.5866,900,1429.76,145800
2024-04-29,BUY,G1,1.5825,900,1426.12,146700
2024-04-30,BUY,月末补,1.602,100,160.49,146800
2024-05-31,BUY,月末补,1.628,1800,2934.17,148600
2024-06-28,BUY,月末补,1.613,1900,3068.64,150500
2024-07-31,BUY,月末补,1.603,1900,3049.62,152400
2024-08-30,BUY,G2,1.5707,900,1415.46,153300
2024-08-30,BUY,G1,1.5667,900,1411.86,154200
2024-08-30,BUY,月末补,1.571,100,157.39,154300
2024-09-05,BUY,G2,1.555,900,1401.31,155200
2024-09-06,BUY,G1,1.5511,900,1397.74,156100
2024-09-09,BUY,G2,1.5395,900,1387.29,157000
2024-09-09,BUY,G1,1.5355,900,1383.77,157900
2024-09-11,BUY,G2,1.5241,900,1373.42,158800
2024-09-11,BUY,G1,1.5202,900,1369.93,159700
2024-10-08,SELL,G1,1.8242,900,-1641.66,158800
2024-10-08,BUY,G1,1.806,900,1627.48,159700
2024-10-08,BUY,G1,1.7879,900,1611.2,160600
2024-10-08,BUY,G1,1.77,900,1595.09,161500
2024-10-09,BUY,G1,1.7523,900,1579.14,162400
2024-10-09,BUY,G1,1.7348,900,1563.35,163300
2024-10-09,BUY,G1,1.7175,900,1547.71,164200
2024-10-09,BUY,G1,1.7003,900,1532.24,165100
2024-10-09,BUY,G1,1.6833,900,1516.91,166000
2024-10-09,BUY,G1,1.6665,900,1501.74,166900
2024-11-29,BUY,月末补,1.724,1700,2934.57,168600
2024-12-31,BUY,月末补,1.793,1700,3052.02,170300
2025-01-27,BUY,月末补,1.76,1700,2995.85,172000
2025-02-28,BUY,月末补,1.736,1700,2955.0,173700
2025-03-31,BUY,月末补,1.769,1700,3011.17,175400
2025-04-30,BUY,月末补,1.761,1700,2997.55,177100
2025-05-30,BUY,月末补,1.803,1700,3069.04,178800
2025-06-30,BUY,月末补,1.815,1700,3089.47,180500
2025-07-31,BUY,月末补,1.83,1600,2931.77,182100
2025-08-29,BUY,月末补,1.823,1600,2920.55,183700
2025-09-30,BUY,月末补,1.787,1700,3041.81,185400
2025-10-31,BUY,月末补,1.847,1600,2959.0,187000
2025-11-28,BUY,月末补,1.848,1600,2960.61,188600
2025-12-31,BUY,月末补,1.831,1600,2933.37,190200
2026-01-30,BUY,月末补,1.842,1600,2950.99,191800
2026-02-27,BUY,月末补,1.847,1600,2959.0,193400
2026-03-31,BUY,月末补,1.867,1600,2991.04,195000
2026-04-27,BUY,月末补,1.863,1600,2984.64,196600
